word,weight
থাকার,0.00039699692663710043
বন্ধের,0.00039699692663709945
লড়াই,0.0003963127903757739
স্টেশন,0.00039631279037577287
শারীরিক,0.0003956361088610163
সিএনজি,0.0003956361088610152
টিকে,0.00039509688161077104
সময়,0.00039509688161077006
হেনস্তার,0.00039496681555610416
মাসে,0.0003949668155561031
শিকার,0.0003943048443668235
রমজান,0.00039430484436682244
অভিনেত্রী,0.0003936501296538056
প্রণোদনা,0.00039365012965380457
গণতন্ত্র,0.00039319512930613665
সূচি,0.0003931951293061357
পদত্যাগে,0.0003930026062425068
টাকার,0.00039300260624250573
রাজি,0.00039236220943108515
৬৪,0.0003923622094310841
হয়েছেন,0.0003917288749964033
বাড়াতে,0.0003917288749964023
এশিয়ায়,0.0003912916500241395
ঘোষণা,0.0003912916500241385
হাইতির,0.0003911025391983607
উৎপাদন,0.0003911025391983597
প্রধানমন্ত্রী,0.0003904831387827388
আউশের,0.00039048313878273775
অ্যারিয়েল,0.0003898706109827241
মনি,0.000389870610982723
দক্ষিণ,0.0003893864238175653
ভারত,0.00038938642381756435
হেনরি,0.00038926489351925794
দীপু,0.00038926489351925685
রোজায়,0.0003886659246003442
মাধ্যম,0.000388665924600343
খোলা,0.00038807364291943596
থাকার,0.0003880736429194348
শিক্ষাপ্রতিষ্ঠান,0.00038748798765300875
বেঁচে,0.0003874879876530076
উদ্ধার,0.0003874794304863456
মহাসাগরে,0.00038747943048634463
রোনালদোর,0.00038690889845741544
মাঝে,0.00038690889845741425
মিসে,0.0003863363154651124
মানুষের,0.00038633631546511126
আল,0.00038577017928033273
সমাজসেবা,0.0003857701792803316
সহায়তায়,0.0003855706495727409
জলদস্যুর,0.00038557064957273995
নাসরের,0.00038521043097427854
বৈঠক,0.00038521043097427735
হার,0.0003846570120798947
রাষ্ট্রদূতের,0.00038465701207989356
ড.,0.0003841098645862821
সুইজারল্যান্ডের,0.0003841098645862811
পুলিশের,0.0003836600603564016
কবলে,0.0003836600603564007
ইউনূসকে,0.0003835689309328008
কৃষিমন্ত্রীর,0.0003835689309327997
হয়রানিতে,0.00038303415400290855
খান,0.00038303415400290736
আইনের,0.0003825054771177786
মঈন,0.00038250547711777736
অপব্যবহার,0.0003819828440297308
বিকল্প,0.0003819828440297297
দাবি,0.00038174764184930265
বাংলাদেশি,0.0003817476418493018
ভারতীয়,0.00038146619891551227
নির্বাচনের,0.0003814661989155111
পণ্য,0.00038095548636945473
সুষ্ঠু,0.0003809554863694536
বর্জনের,0.0003804506513965388
স্বরাষ্ট্রমন্ত্রী,0.0003804506513965377
বিষয়ে,0.00037995163940538596
পাশে,0.0003799516394053848
চাঁদা,0.0003798333727905474
জাহাজ,0.00037983337279054647
অবহিত,0.0003794583962012021
প্রয়োজনে,0.00037945839620120097
ম্যাথিউ,0.00037897086797869105
সত্যিকারের,0.00037897086797868986
মিলার,0.00037848900131495506
স্যালুট,0.00037848900131495403
লাগামহীন,0.0003780127431623983
আত্মত্যাগকে,0.00037801274316239734
মারধর,0.000377917231641037
জিম্মি,0.00037791723164103607
ইফতার,0.0003775420408416462
সেনাদের,0.00037754204084164514
দামে,0.0003770768420344933
ভারতীয়,0.00037707684203449227
অস্বস্তি,0.0003766170947768904
বিতর্ক,0.0003766170947768894
জগন্নাথে,0.00037616274745198006
বারোয়ারি,0.000376162747451979
দেয়ায়,0.00037599919657800096
২৩,0.0003759991965780001
পদে,0.00037571374878318917
শীর্ষক,0.0003757137487831881
পদে,0.0003752700478273857
মাহাত্মা,0.0003752700478273846
অনিয়ম,0.00037483159396810653
রমজানের,0.0003748315939681054
তীব্র,0.0003743983369088607
ইবিতে,0.0003743983369088596
সাক্ষ্য,0.0003740792454893839
নাবিক,0.0003740792454893831
যানজট,0.000373970226666515
আশা,0.0003739702266665139
ভোগান্তি,0.00037354721356476354
উৎপাদনের,0.0003735472135647624
খোশ,0.000373129248227687
টাকার,0.0003731292482276858
আমদেদ,0.00037271628157340293
২০,0.00037271628157340184
মাহে,0.00037230826480781106
চাষ,0.0003723082648078099
মামলায়,0.00037215735596808424
সিডনি,0.0003721573559680833
রমজান,0.0003719051494184338
তরমুজ,0.0003719051494184326
ডামি,0.0003715068871683553
জমিতে,0.0003715068871683542
সরকারের,0.0003711134300902595
পতিত,0.0003711134300902584
পতন,0.00037072473048056775
একর,0.0003707247304805666
হওয়া,0.00037034074089367744
৫০০,0.0003703407408936763
আলটিমেটাম,0.00037023350530603945
অকল্যান্ড,0.0003702335053060385
জনতার,0.0003699614141363012
মিরসরাইয়ে,0.0003699614141363
সংগ্রাম,0.00036958670326190746
১,0.00036958670326190626
চলবে,0.00036921656156526197
আটক,0.00036921656156526083
মুক্তাদির,0.00036885094257706994
নিহত,0.00036885094257706875
নকল,0.00036848980005871795
শিশু,0.00036848980005871676
দু’দিনের,0.00036830767048815356
পথে,0.0003683076704881527
সরবরাহের,0.0003681330879971163
প্রতিবন্দ্বী,0.0003681330879971151
দায়ে,0.0003677807605996397
বাউফলে,0.00036778076059963856
যুবকের,0.00036743277228916627
প্রধানমন্ত্রী,0.0003674327722891651
কারাদণ্ড,0.00036708907769921324
স্পেনের,0.00036708907769921205
তারাকান্দায়,0.00036674963166916926
তুলবেন,0.000366749631669168
মাইক্রোবাস,0.000366414389239621
পার্লামেন্টে,0.0003664143892396198
দাবিতে,0.0003663798281860609
মাঝ,0.00036637982818606005
মোটরসাইকেল,0.0003660833056477743
প্রস্তাব,0.0003660833056477731
মুখোমুখি,0.0003657563363229667
স্বীকৃতির,0.0003657563363229656
সংঘর্ষে,0.00036543343688227246
ফিলিস্তিনকে,0.0003654334368822714
নিহত,0.0003651145631261962
আরবে,0.00036511456312619513
২,0.0003647996710344557
সৌদি,0.00036479967103445474
বিএনপি,0.0003644887167618521
ছাড়াই,0.0003644887167618512
শাস্তির,0.0003644499547517205
আকাশে,0.0003644499547517196
জালিম,0.000364181656634225
পাসপোর্ট,0.0003641816566342239
সরকারের,0.0003638784471444916
চৌধুরী,0.0003638784471444906
মাথা,0.00036357904494877034
রবি,0.00036357904494876937
নত,0.0003632834068625837
উপস্থিত,0.0003632834068625827
দুলু,0.00036299148985714195
হঠাৎ,0.0003629914898571408
নাজিরপুরে,0.00036270325105570517
বিক্ষোভ,0.00036270325105570414
কটাক্ষ,0.0003625180262108361
বিমানে,0.0003625180262108353
বিএনপি’র,0.0003624186477300225
ফিলিস্তিনপন্থীদের,0.0003624186477300215
৩,0.000362137637296846
বাইরে,0.0003621376372968451
নেতাকর্মী,0.000361860177314519
থিয়েটারের,0.0003618601773145181
কারাগারে,0.0003615862254796373
চলাকালীন,0.00036158622547963643
সিরাজদিখানে,0.0003613157396237811
অস্কার,0.00036131573962378016
আওয়ামী,0.00036104867771031673
দেবে,0.0003610486777103158
লীগ,0.00036078499783126646
স্বস্তি,0.00036078499783126543
শিক্ষকের,0.00036058401825609575
বড়,0.0003605840182560949
কার্যালয়ে,0.00036052587963813186
সামান্য,0.00036052587963813094
ভাঙচুরের,0.00036027125239596004
গোশত,0.00036027125239595907
প্রতিবাদে,0.0003600210470334595
মাছ,0.0003600210470334586
মানববন্ধন,0.0003597751960850676
সুলভমূল্যে,0.00035977519608506664
শৃঙ্খলা,0.00035953363363567186
রাজধানীতে,0.000359533633635671
ভঙ্গের,0.0003592962952678373
রজনী,0.00035929629526783633
দায়ে,0.00035906311801139825
ওপেনহাইমার,0.00035906311801139727
শাবিতে,0.00035883404029528435
আসর,0.0003588340402952834
হিজাব,0.0003586479062402233
বিপত্তি,0.0003586479062402225
৮,0.00035860900190145894
অস্কারের,0.00035860900190145796
শিক্ষার্থী,0.0003583879439208542
লক্ষ্য,0.0003583879439208532
সাময়িক,0.00035817080871119756
অর্জন,0.00035817080871119664
বহিষ্কার,0.0003579575398566282
আত্মশুদ্ধি,0.00035795753985662723
চাটমোহরে,0.0003577480821290101
রমজান,0.0003577480821290091
করিমনের,0.00035754238145085324
মাহে,0.00035754238145085227
চাপায়,0.0003573403848597615
মাস,0.0003573403848597606
স্কুলছাত্রী,0.00035714204047432763
সংযমের,0.0003571420404743267
নিহত,0.0003569472974614042
কথা,0.00035694729746140315
বন্দরটি,0.00035675610600468117
হাদিসের,0.0003567561060046802
রাবিতে,0.0003567096651688382
ভারতে,0.0003567096651688374
অর্থনৈতিক,0.0003565684172745057
বাণী,0.0003565684172745048
উন্নয়ন,0.0003563841833988834
কুরআনের,0.0003563841833988824
ঘটবে,0.0003562033574356037
আল,0.00035620335743560274
মাদ্রাসাছাত্রকে,0.0003560258933454361
ছিটা,0.0003560258933454352
বলাৎকার,0.00035585174596634573
নুনের,0.00035585174596634487
শিক্ষকের,0.00035568087098868014
ঘায়ে,0.00035568087098867933
বিরুদ্ধে,0.0003555132249312831
কাটা,0.0003555132249312824
মামলা,0.0003553487651184913
মুসলমানদের,0.0003553487651184906
দিরাইয়ে,0.0003551874496579743
যাদুমিয়া,0.00035518744965797364
শিক্ষকের,0.0003550292374193794
রহমান,0.0003550292374193786
ওপর,0.000354874088013745
মশিউর,0.0003548740880137443
নিহত,0.00035476926969311366
সিএএ,0.0003547692696931128
হামলার,0.0003547219617736485
স্মরণ,0.00035472196177364776
প্রতিবাদে,0.00035457281973405623
যানবাহন,0.0003545728197340555
শিক্ষার্থীদের,0.0003544266236138442
ঢাকার,0.0003544266236138434
মানববন্ধন,0.0003542833357979615
নয়ন,0.0003542833357979606
সিরাজগঞ্জে,0.0003541429193202077
তৃতীয়,0.0003541429193202068
৫০,0.00035400533784659896
তুরস্ক,0.00035400533784659815
লাখ,0.0003538705556592974
পাঠিয়েছে,0.00035387055565929646
টাকার,0.0003537385376410794
ত্রাণ,0.00035373853764107856
হেরোইনসহ,0.0003536092492603229
টন,0.000353609249260322
বাবা,0.00035348265655648877
৪০,0.0003534826565564879
ছেলে,0.00035335872612607925
গাজায়,0.0003533587261260784
আটক,0.00035323742510905186
প্রেসিডেন্ট,0.000353237425109051
বিশ্বের,0.0003531187211756716
সাবেক,0.00035311872117567086
শীর্ষ,0.00035300258251378395
পাকিস্তানের,0.00035300258251378313
পর্যায়ের,0.00035288897781649063
প্রস্তুত,0.0003528889778164897
যুবক,0.0003528266941022286
কার্যকর,0.0003528266941022277
৫৫,0.00035277787627021473
মোকাবেলায়,0.00035277787627021386
কোম্পানিকে,0.00035266924754313725
আইনিপ্রক্রিয়া,0.0003526692475431364
আমন্ত্রণ,0.00035256306177399306
ঘোষণা,0.00035256306177399214
গবেষণায়,0.0003524592895612107
তহবিল,0.00035245928956120976
প্রণোদনা,0.0003523579019523841
নিরাপত্তায়,0.0003523579019523833
প্যাকেজ,0.0003522588704340631
স্থাপনার,0.0003522588704340622
দেবে,0.00035216216692185047
মুসলিম,0.0003521621669218496
সরকার,0.00035206776375079515
মসজিদ,0.0003520677637507943
রমজানে,0.00035197563366606957
ব্রিটেনে,0.0003519756336660687
স্কুল,0.0003518857498139211
স্থগিত,0.0003518857498139203
খোলা,0.0003517980857328878
সফর,0.000351798085732887
কিনা,0.0003517126153452684
ম্যাক্রোঁর,0.00035171261534526753
স্থানীয়,0.00035162931294883823
ইউক্রেনে,0.0003516293129488374
সরকার,0.000351548153208801
বাদশাহ,0.00035154815320880017
নির্বাচনে,0.0003514691111499696
সৌদি,0.0003514691111499687
টার্ন,0.00035139216214916656
অবসান,0.00035139216214916574
আউট,0.0003513172819278375
অপরাধের,0.0003513172819278367
ঈর্ষণীয়,0.0003512444465448692
ঘৃণ্য,0.00035124444654486837
ওবায়দুল,0.0003511736323896063
গাজায়,0.0003511736323896055
কাদের,0.000351104816175059
বার্তায়,0.0003511048161750581
দেশে,0.0003510379749312954
রমজানের,0.00035103797493129456
সরকারের,0.0003509730859990129
অনুষ্ঠান,0.0003509730859990121
চেয়ে,0.00035091012702328177
সাংস্কৃতিক,0.00035091012702328096
ধাক্কায়,0.0003508819123156049
বিক্ষোভে,0.0003508819123156041
সিন্ডিকেট,0.0003508490759474556
বইমেলা,0.00035084907594745484
শক্তিশালী,0.00035078991100724317
গৌরনদীতে,0.00035078991100724236
জিএম,0.00035073261072493615
আগুন,0.0003507326107249354
কাদের,0.000350677153903788
খামারে,0.0003506771539037872
রহস্যের,0.00035062351962253846
গরুর,0.0003506235196225376
আবর্তে,0.0003505716872300797
দোয়ারাবাজারে,0.0003505716872300789
৫,0.00035052163634025904
কারাদণ্ড,0.0003505216363402582
হত্যা,0.00035047334682681414
স্বামীর,0.0003504733468268133
মাঠে,0.00035042679881843646
দায়ে,0.00035042679881843564
নামছেন,0.0003503819726939588
সরবরাহের,0.00035038197269395796
আওয়ামী,0.0003503388490776631
নকল,0.0003503388490776623
লীগের,0.0003502974088347055
স্ত্রীকে,0.0003502974088347047
কেন্দ্রীয়,0.0003502576330666531
সোনাইমুড়ীতে,0.00035025763306665235
নেতারা,0.0003502195031071314
ঘোষণা,0.00035021950310713064
আইনশৃঙ্খলা,0.00035018296655038675
তফসিল,0.0003501829665503859
কমিটির,0.0003501479722846346
নির্বাচনের,0.0003501479722846338
সভায়,0.00035011447046049955
ইউপিতে,0.00035011447046049885
ক্ষোভ,0.00035008241246059567
৫,0.0003500824124605949
নরসিংদীতে,0.0003500517508701933
যুগ,0.0003500517508701926
মেয়র,0.0003500224394489217
এক,0.00035002243944892095
কাপ,0.0003499944331034578
লক্ষ্মীপুরে,0.0003499944331034571
ক্রিকেট,0.0003499676878611577
সুমন,0.000349967687861157
টুর্নামেন্ট,0.0003499421608445866
ব্যারিস্টার,0.0003499421608445859
অনুষ্ঠিত,0.00034991781024690726
সংবর্ধনা,0.00034991781024690656
সিংড়ায়,0.000349894595308089
বশিরকে,0.0003498945953080883
ট্রাক,0.0003498724762919011
হাফেজ,0.0003498724762919004
ভ্যানের,0.0003498514144636559
বিশ্বসেরা,0.00034985141446365516
সংঘর্ষে,0.00034983137206867073
চুনারুঘাটে,0.00034983137206867
নিহত,0.00034981231231141633
ফসল,0.0003498123123114156
৩,0.00034979419933532446
ঔষধি,0.0003497941993353237
নিসচা,0.0003497769982032259
ভোজ্যতেল,0.0003497769982032252
মৌলভীবাজার,0.00034976067487839407
ভেন্না,0.00034976067487839336
জেলা,0.0003497451962061685
ভরা,0.00034974519620616784
কমিটির,0.0003497305298961352
গুণে,0.00034973052989613454
অনুমোদন,0.0003497166445048421
পৃষ্ঠপোষকতা,0.00034971664450484145
সরাইলে,0.00034970350941902696
প্রয়োজন,0.0003497035094190263
১৫৪,0.00034969109483933973
সংবর্ধনা,0.0003496910948393392
অবৈধ,0.0003496793717645382
লাইলীকে,0.00034967937176453754
সংযোগ,0.00034966831197613934
ফরিদুন্নাহার,0.00034966831197613874
বিচ্ছিন্ন,0.00034965788802351043
এমপি,0.0003496578880235099
এনায়েতপুরে,0.00034964807320938076
রামগতিতে,0.00034964807320938016
ইভটিজারের,0.0003496388415757601
উদ্ধার,0.00034963884157575943
মাঠে,0.00034963016789024844
লাশ,0.00034963016789024785
নামলো,0.0003496220276327227
ব্যক্তির,0.0003496220276327221
আওয়ামী,0.0003496143969823856
অজ্ঞাত,0.00034961439698238494
লীগ,0.0003496072528051656
নদী,0.00034960725280516503
হাসপাতাল,0.00034960057264145426
পদ্মা,0.00034960057264145366
কর্তৃপক্ষের,0.00034959433469416794
ফরিদপুরে,0.00034959433469416735
অবহেলায়,0.00034958851781712535
সংবর্ধনা,0.0003495885178171248
নবজাতকের,0.00034958310150372734
রাজকীয়,0.00034958310150372675
মৃত্যুর,0.0003495780658759293
শিক্ষককে,0.00034957806587592876
অভিযোগ,0.000349573391673497
৩,0.0003495733916734964
খুলনায়,0.00034956906024353503
বিদ্যালয়ের,0.0003495690602435345
ধর্ষণ,0.0003495650535302795
নিত্যানন্দকাটি,0.00034956505353027904
মামলার,0.00034956135406514593
পালন,0.00034956135406514544
আসামি,0.00034955794495702356
দিবস,0.000349557944957023
চেয়ারম্যান,0.00034955480988280873
নারী,0.00034955480988280825
প্রকাশ্যে,0.0003495519330781691
আন্তর্জাতিক,0.0003495519330781687
হুমকির,0.0003495492993285311
ইউসিবিতে,0.0003495492993285306
মুখে,0.00034954689396028346
দাবি,0.0003495468939602831
বাদী,0.0003495447028321913
শাস্তি,0.00034954470283219086
বড়,0.00034954271232701134
শিক্ষকের,0.00034954271232701096
ভাইয়ের,0.00034954090934330526
করায়,0.0003495409093433049
মারধরে,0.0003495392812874423
বাধ্য,0.00034953928128744196
ছোট,0.000349537816065787
খুলতে,0.0003495378160657867
ভাই,0.00034953650207706564
নেকাব,0.0003495365020770653
নিহত,0.0003495353282049063
ছাত্রীকে,0.00034953532820490595
কলম,0.00034953428381054676
রাবি,0.00034953428381054644
উপহারের,0.0003495333587257066
মন্ত্রী,0.0003495333587257063
নামে,0.0003495325432456166
সরকার,0.0003495325432456163
ভয়ঙ্কর,0.0003495318281222026
স্থানীয়,0.00034953182812220225
মাইন্ড,0.00034953120455741824
দূর,0.0003495312045574179
কন্ট্রোল,0.0003495306641967232
অসঙ্গতি,0.00034953066419672287
ড্রাগের,0.00034953019912270137
আইনি,0.0003495301991227011
প্রয়োগ,0.0003495298018488165
করপোরেশনগুলোর,0.0003495298018488163
ঢাকা,0.00034952946531330054
সিটি,0.0003495294653133003
ওয়াসার,0.0003495291828731704
করব,0.00034952918287317023
মিরপুর,0.00034952894829837157
সেভ,0.0003495289482983714
জোন,0.0003495287557660425
কয়েকটি,0.0003495287557660423
ব্যাংকে,0.0003495285998548983
আত্মবিশ্বাস,0.0003495285998548981
দুদকের,0.0003495284755397297
জয়,0.0003495284755397296
অভিযান,0.00034952837818601434
স্মরণীয়,0.0003495283781860142
চোরাই,0.000349528303544637
অস্ট্রেলিয়ার,0.0003495283035446369
মোবাইল,0.0003495282477467166
ক্রাইস্টচার্চে,0.0003495282477467164
বিক্রির,0.0003495282072985361
অনুষ্ঠিত,0.0003495282072985359
টাকা,0.0003495281790765738
জানাজা,0.0003495281790765737
দ্বন্দ্বে,0.0003495281603226322
করিমের,0.0003495281603226321
কবি,0.0003495281486390625
ইহসানুল,0.00034952814863906237
নজরুলের,0.00034952814198408187
সচিব,0.0003495281419840818
ছাত্র,0.00034952813866718233
প্রেস,0.0003495281386671823
পিয়াস,0.00034952813734462644
প্রধানমন্ত্রীর,0.00034952813734462644
খুন,0.0003495281370150305
যুক্তরাষ্ট্রের,0.0003495281370150305
সম্পর্ক,0.0003495281370150305
দৃঢ়,0.0003495281370150305
আশা,0.0003495281370150305
পররাষ্ট্রমন্ত্রীর,0.0003495281370150305
বিএনপি,0.0003495281370150305
মানে,0.0003495281370150305
জনগণ,0.0003495281370150305
জনগণ,0.0003495281370150305
মানে,0.0003495281370150305
বিএনপি-,0.0003495281370150305
খসরু,0.0003495281370150305
আন্দোলন,0.0003495281370150305
থেমে,0.0003495281370150305
চলবে-,0.0003495281370150305
মির্জা,0.0003495281370150305
আব্বাস,0.0003495281370150305
কলাপাড়ায়,0.0003495281370150305
জাল,0.0003495281370150305
ছেঁড়াকে,0.0003495281370150305
কেন্দ্র,0.0003495281370150305
গ্রুপের,0.0003495281370150305
সংঘর্ষ,0.0003495281370150305
আহত,0.0003495281370150305
২০,0.0003495281370150305
গোলাপগঞ্জে,0.0003495281370150305
প্রবাসী,0.0003495281370150305
পরিবারকে,0.0003495281370150305
হয়রানি,0.0003495281370150305
খাদ্যের,0.0003495281370150305
মূল্যবৃদ্ধিতে,0.0003495281370150305
আমরাও,0.0003495281370150305
মানবিক,0.0003495281370150305
বিপর্যয়ের,0.0003495281370150305
মুখোমুখি,0.0003495281370150305
বিমানবন্দরে,0.0003495281370150305
চ্যাম্পিয়ন,0.0003495281370150305
হওয়ার,0.0003495281370150305
গল্প,0.0003495281370150305
শোনালেন,0.0003495281370150305
অধিনায়ক,0.0003495281370150305
তামিম,0.0003495281370150305
বল,0.0003495281370150305
পাপনের,0.0003495281370150305
হাতে,0.0003495281370150305
সুদানের,0.0003495281370150305
ড্র’তে,0.0003495281370150305
খুশি,0.0003495281370150305
কাবরেরা,0.0003495281370150305
ওয়ানডে,0.0003495281370150305
সিরিজ,0.0003495281370150305
জিততে,0.0003495281370150305
আত্মবিশ্বাসী,0.0003495281370150305
হৃদয়,0.0003495281370150305
সারি,0.0003495281370150305
ইমনের,0.0003495281370150305
হ্যাটট্রিকে,0.0003495281370150305
বড়,0.0003495281370150305
জয়,0.0003495281370150305
মোহামেডানের,0.0003495281370150305
শর্ত,0.0003495281370150305
দিয়ে,0.0003495281370150305
খেলবে,0.0003495281370150305
শুনতে,0.0003495281370150305
কেমন,0.0003495281370150305
দেখায়,0.0003495281370150305
মেডিকেল,0.0003495281370150305
শিক্ষার্থীকে,0.0003495281370150305
শিক্ষক,0.0003495281370150305
পাঁচ,0.0003495281370150305
দিনের,0.0003495281370150305
রিমান্ডে,0.0003495281370150305
নিজেকে,0.0003495281370150305
নির্দোষ,0.0003495281370150305
দাবি,0.0003495281370150305
রোনালদোর,0.0003495281370150305
জামালের,0.0003495281370150305
মুক্তির,0.0003495281370150305
দাবিতে,0.0003495281370150305
সিলেটে,0.0003495281370150305
বিক্ষোভ,0.0003495281370150305
প্রাইম,0.0003495281370150305
ব্যাংকের,0.0003495281370150305
জয়ে,0.0003495281370150305
ব্যাট,0.0003495281370150305
হাতে,0.0003495281370150305
চমক,0.0003495281370150305
অপুর,0.0003495281370150305
নির্বাচনে,0.0003495281370150305
আহত,0.0003495281370150305
সমর্থকদের,0.0003495281370150305
গেলেন,0.0003495281370150305
কায়সার,0.0003495281370150305
ক্যাম্পাসে,0.0003495281370150305
ইফতার,0.0003495281370150305
পার্টি,0.0003495281370150305
অনুরোধ,0.0003495281370150305
শাবি,0.0003495281370150305
প্রশাসনের,0.0003495281370150305
নিউজিল্যান্ডের,0.0003495281370150305
আক্ষেপ,0.0003495281370150305
ক্যারির,0.0003495281370150305
বীরত্বে,0.0003495281370150305
রোমাঞ্চকর,0.0003495281370150305
জয়,0.0003495281370150305
অস্ট্রেলিয়ার,0.0003495281370150305
ইতালিতে,0.0003495281370150305
ঢুস,0.0003495281370150305
মেরে,0.0003495281370150305
চাকরি,0.0003495281370150305
খোয়ালেন,0.0003495281370150305
কোচ,0.0003495281370150305
ব্যাটে,0.0003495281370150305
উজ্জ্বল,0.0003495281370150305
সাব্বির,0.0003495281370150305
তানভীর,0.0003495281370150305
জয়ে,0.0003495281370150305
আবাহনীর,0.0003495281370150305
ছোট,0.0003495281370150305
পর্দায়,0.0003495281370150305
আজকের,0.0003495281370150305
খেলা,0.0003495281370150305
ভোরে,0.0003495281370150305
ঢাকায়,0.0003495281370150305
আসা,0.0003495281370150305
যাত্রীদের,0.0003495281370150305
লুটে,0.0003495281370150305
নেয়,0.0003495281370150305
ছেলের,0.0003495281370150305
বিরুদ্ধে,0.0003495281370150305
মামলা,0.0003495281370150305
ঘরছাড়া,0.0003495281370150305
বাবা,0.0003495281370150305
মা,0.0003495281370150305
চট্টগ্রামে,0.0003495281370150305
জামায়াতের,0.0003495281370150305
আলোচনা,0.0003495281370150305
সভা,0.0003495281370150305
সিলেটে,0.0003495281370150305
সড়কের,0.0003495281370150305
দৃশ্য,0.0003495281370150305
বদলায়,0.0003495281370150305
সদরপুরে,0.0003495281370150305
সন্ত্রাসী,0.0003495281370150305
হামলার,0.0003495281370150305
প্রতিবাদে,0.0003495281370150305
মানববন্ধন,0.0003495281370150305
কালিহাতীতে,0.0003495281370150305
অজ্ঞাত,0.0003495281370150305
লাশ,0.0003495281370150305
উদ্ধার,0.0003495281370150305
দক্ষিণ,0.0003495281370150305
আফ্রিকায়,0.0003495281370150305
গুলিতে,0.0003495281370150305
বাংলাদেশি,0.0003495281370150305
নিহত,0.0003495281370150305
কারামুক্ত,0.0003495281370150305
জামায়াতের,0.0003495281370150305
আমীর,0.0003495281370150305
মোবাইল,0.0003495281370150305
কোর্ট,0.0003495281370150305
বসিয়ে,0.0003495281370150305
সাংবাদিককে,0.0003495281370150305
কারাদণ্ড,0.0003495281370150305
দেয়ায়,0.0003495281370150305
নিন্দা,0.0003495281370150305
উদ্বেগ,0.0003495281370150305
সংকটেও,0.0003495281370150305
বাড়ছে,0.0003495281370150305
প্রকল্প,0.0003495281370150305
কাটছাঁট,0.0003495281370150305
১৮,0.0003495281370150305
টাকা,0.0003495281370150305
ডিএমপি,0.0003495281370150305
ব্যাডমিন্টন,0.0003495281370150305
টুর্নামেন্টে,0.0003495281370150305
চ্যাম্পিয়ন,0.0003495281370150305
ডিআইজি,0.0003495281370150305
হারুন-,0.0003495281370150305
এডিসি,0.0003495281370150305
নাজমুল,0.0003495281370150305
উত্তরায়,0.0003495281370150305
কাঁচাবাজারে,0.0003495281370150305
ভয়াবহ,0.0003495281370150305
আগুন,0.0003495281370150305
নিয়ন্ত্রণে,0.0003495281370150305
বাংলাদেশে,0.0003495281370150305
আশ্রয়,0.0003495281370150305
নিলো,0.0003495281370150305
বিজিপির,0.0003495281370150305
১৫০,0.0003495281370150305
সদস্য,0.0003495281370150305
ভারতে,0.0003495281370150305
কথিত,0.0003495281370150305
৮,0.0003495281370150305
বাংলাদেশি,0.0003495281370150305
গ্রেপ্তার,0.0003495281370150305
কুমিল্লায়,0.0003495281370150305
সড়ক,0.0003495281370150305
দুর্ঘটনা,0.0003495281370150305
ঘটনাস্থলেই,0.0003495281370150305
প্রাণ,0.0003495281370150305
হারালেন,0.0003495281370150305
৪,0.0003495281370150305
ফেসবুককে,0.0003495281370150305
জনগণের,0.0003495281370150305
শত্রু,0.0003495281370150305
ট্রাম্প,0.0003495281370150305
ডুবলো,0.0003495281370150305
মেটার,0.0003495281370150305
স্টক,0.0003495281370150305
নির্বাচনের,0.0003495281370150305
তারিখ,0.0003495281370150305
ঘোষণার,0.0003495281370150305
দাবি,0.0003495281370150305
বিএনপির,0.0003495281370150305
এক,0.0003495281370150305
ডজন,0.0003495281370150305
গানে,0.0003495281370150305
নওশীন,0.0003495281370150305
প্রেম,0.0003495281370150305
৫ম,0.0003495281370150305
বছরে,0.0003495281370150305
পদার্পন,0.0003495281370150305
করল,0.0003495281370150305
ব্যাকস্পেস,0.0003495281370150305
১,0.0003495281370150305
লাখ,0.0003495281370150305
রোজাদারদের,0.0003495281370150305
ইফতার,0.0003495281370150305
করাচ্ছে,0.0003495281370150305
মাস্তুল,0.0003495281370150305
ফাউন্ডেশন,0.0003495281370150305
কূটনৈতিক,0.0003495281370150305
উত্তেজনার,0.0003495281370150305
মালদ্বীপ,0.0003495281370150305
ভারতীয়,0.0003495281370150305
সেনা,0.0003495281370150305
প্রত্যাহার,0.0003495281370150305
এক,0.0003495281370150305
ম্যাচ,0.0003495281370150305
খরাপ,0.0003495281370150305
খেললে,0.0003495281370150305
খারাপ,0.0003495281370150305
দল,0.0003495281370150305
হয়ে,0.0003495281370150305
যাই,0.0003495281370150305
রাত,0.0003495281370150305
পোহালে,0.0003495281370150305
ওয়ানডে,0.0003495281370150305
স্কোয়াডই,0.0003495281370150305
ঘোষণা,0.0003495281370150305
করেনি,0.0003495281370150305
লঙ্কানরা,0.0003495281370150305
সর্বোচ্চ,0.0003495281370150305
বিচারঙ্গনের,0.0003495281370150305
আইনজীবীদের,0.0003495281370150305
মর্যাদা,0.0003495281370150305
ধুলোয়,0.0003495281370150305
মিশিয়ে,0.0003495281370150305
দিয়েছে,0.0003495281370150305
সরকার,0.0003495281370150305
রিজভী,0.0003495281370150305
বাল্যবিয়ে,0.0003495281370150305
প্রতিরোধে,0.0003495281370150305
উঠান,0.0003495281370150305
বৈঠক,0.0003495281370150305
এনইসিতে,0.0003495281370150305
২,0.0003495281370150305
লাখ,0.0003495281370150305
৪৫,0.0003495281370150305
টাকার,0.0003495281370150305
আরএডিপি,0.0003495281370150305
অনুমোদন,0.0003495281370150305
ঈদ,0.0003495281370150305
উপলক্ষে,0.0003495281370150305
দারাজ,0.0003495281370150305
এলো,0.0003495281370150305
গ্র্যান্ড,0.0003495281370150305
ঈদ,0.0003495281370150305
ফেস্টিভ্যাল,0.0003495281370150305
২০২৪,0.0003495281370150305
বেতনের,0.0003495281370150305
দাবিতে,0.0003495281370150305
এফডিসির,0.0003495281370150305
কর্মকর্তা,0.0003495281370150305
কর্মচারীদের,0.0003495281370150305
মানববন্ধন,0.0003495281370150305
পাকিস্তানের,0.0003495281370150305
মন্ত্রীসভায়,0.0003495281370150305
স্থান,0.0003495281370150305
পেলেন,0.0003495281370150305
কেট,0.0003495281370150305
মিডলটনের,0.0003495281370150305
ছবি,0.0003495281370150305
কেলেঙ্কারিকে,0.0003495281370150305
ঘিরে,0.0003495281370150305
বৃটেনে,0.0003495281370150305
তোলপাড়,0.0003495281370150305
টিভিতে,0.0003495281370150305
দেখবেন,0.0003495281370150305
১২,0.0003495281370150305
মার্চ,0.0003495281370150305
২০২৪,0.0003495281370150305
শিক্ষাঙ্গনে,0.0003495281370150305
ইফতার,0.0003495281370150305
মাহফিল,0.0003495281370150305
নিষিদ্ধের,0.0003495281370150305
ঘটনায়,0.0003495281370150305
ছাত্রদলের,0.0003495281370150305
নিন্দা,0.0003495281370150305
পৃথিবীর,0.0003495281370150305
ত্রিমাত্রিক,0.0003495281370150305
ছবি,0.0003495281370150305
পাঠাল,0.0003495281370150305
ইসরোর,0.0003495281370150305
INSAT-3DS,0.0003495281370150305
লাল,0.0003495281370150305
নীল,0.0003495281370150305
সবুজের,0.0003495281370150305
মেলা,0.0003495281370150305
B2(বিটু)-র,0.0003495281370150305
৫ম,0.0003495281370150305
আউটলেট,0.0003495281370150305
সোমবার,0.0003495281370150305
ময়মনসিংহে,0.0003495281370150305
উদ্বোধন,0.0003495281370150305
হয়েছে,0.0003495281370150305
।,0.0003495281370150305
হরিয়ানায়,0.0003495281370150305
হট্টগোল,0.0003495281370150305
লোকসভা,0.0003495281370150305
নির্বাচনের,0.0003495281370150305
মুখে,0.0003495281370150305
ইস্তফা,0.0003495281370150305
মুখ্যমন্ত্রী,0.0003495281370150305
মনোহর,0.0003495281370150305
লাল,0.0003495281370150305
খট্টর,0.0003495281370150305
অবশেষে,0.0003495281370150305
স্কোয়াড,0.0003495281370150305
ঘোষণা,0.0003495281370150305
করলো,0.0003495281370150305
শ্রীলঙ্কা,0.0003495281370150305
১৮,0.0003495281370150305
টাকা,0.0003495281370150305
বরাদ্দ,0.0003495281370150305
কমিয়ে,0.0003495281370150305
সংশোধিত,0.0003495281370150305
এডিপি,0.0003495281370150305
অনুমোদন,0.0003495281370150305
রোজায়,0.0003495281370150305
স্কুল,0.0003495281370150305
খোলা,0.0003495281370150305
রাখার,0.0003495281370150305
বিষয়ে,0.0003495281370150305
জানাল,0.0003495281370150305
মন্ত্রণালয়,0.0003495281370150305
ঘরের,0.0003495281370150305
ভেতর,0.0003495281370150305
সিসি,0.0003495281370150305
ক্যামেরা,0.0003495281370150305
নিষিদ্ধ,0.0003495281370150305
করল,0.0003495281370150305
এয়ারবিএনবি,0.0003495281370150305
দেশে,0.0003495281370150305
পুরুষ,0.0003495281370150305
প্রতিবন্ধী,0.0003495281370150305
রিমান্ড,0.0003495281370150305
শেষে,0.0003495281370150305
কারাগারে,0.0003495281370150305
৫,0.0003495281370150305
আইনজীবী,0.0003495281370150305
সোমালিয়ার,0.0003495281370150305
দস্যুদের,0.0003495281370150305
কবলে,0.0003495281370150305
বাংলাদেশি,0.0003495281370150305
জাহাজ,0.0003495281370150305
২৩,0.0003495281370150305
নাবিক,0.0003495281370150305
জিম্মি,0.0003495281370150305
ধর্মীয়,0.0003495281370150305
অবমাননায়,0.0003495281370150305
সর্বোচ্চ,0.0003495281370150305
শাস্তির,0.0003495281370150305
পরামর্শ,0.0003495281370150305
হাইকোর্টের,0.0003495281370150305
রোজাদারদের,0.0003495281370150305
সুখবর,0.0003495281370150305
১০,0.0003495281370150305
১৫,0.0003495281370150305
স্কুল,0.0003495281370150305
বন্ধ,0.0003495281370150305
রাখলে,0.0003495281370150305
ক্ষতি,0.0003495281370150305
প্রশ্ন,0.0003495281370150305
আদালতের,0.0003495281370150305
যুক্তরাষ্ট্রের,0.0003495281370150305
প্রশ্নবাণে,0.0003495281370150305
জবাব,0.0003495281370150305
বাংলাদেশের,0.0003495281370150305
এডিপি,0.0003495281370150305
বাদ,0.0003495281370150305
১৮,0.0003495281370150305
টাকা,0.0003495281370150305
সুদ,0.0003495281370150305
আসল,0.0003495281370150305
দুটোই,0.0003495281370150305
হারানোর,0.0003495281370150305
শঙ্কা,0.0003495281370150305
রমজানে,0.0003495281370150305
নেতাকর্মীদের,0.0003495281370150305
উদ্দেশ্যে,0.0003495281370150305
৮,0.0003495281370150305
নির্দেশনা,0.0003495281370150305
দিল,0.0003495281370150305
ছাত্রলীগ,0.0003495281370150305
নির্বাচন,0.0003495281370150305
সরকারের,0.0003495281370150305
দাবি,0.0003495281370150305
বিএনপির,0.0003495281370150305
জানালেন,0.0003495281370150305
মঈন,0.0003495281370150305
খান,0.0003495281370150305
রোজা,0.0003495281370150305
স্বাস্থ্যের,0.0003495281370150305
ভালো,0.0003495281370150305
নির্বাচন,0.0003495281370150305
চায়,0.0003495281370150305
বিএনপি,0.0003495281370150305
লোকসভা,0.0003495281370150305
নির্বাচনের,0.0003495281370150305
টিকিট,0.0003495281370150305
পেয়ে,0.0003495281370150305
নুসরাত,0.0003495281370150305
আপনারা,0.0003495281370150305
চেনেন,0.0003495281370150305
নাম,0.0003495281370150305
ব্যক্তিগত,0.0003495281370150305
জীবন,0.0003495281370150305
খুঁচিয়ে,0.0003495281370150305
লাভ,0.0003495281370150305
তাপসী,0.0003495281370150305
শাকিবের,0.0003495281370150305
কাটানো,0.0003495281370150305
স্মৃতিতে,0.0003495281370150305
ভাসলেন,0.0003495281370150305
বুবলী,0.0003495281370150305
মা,0.0003495281370150305
হয়েছেন,0.0003495281370150305
মৌসুমী,0.0003495281370150305
রমজান,0.0003495281370150305
মাসে,0.0003495281370150305
হাজারো,0.0003495281370150305
পণ্যের,0.0003495281370150305
দাম,0.0003495281370150305
কমেছে,0.0003495281370150305
আরব,0.0003495281370150305
আমিরাতে,0.0003495281370150305
পাকিস্তানের,0.0003495281370150305
পররাষ্ট্রমন্ত্রী,0.0003495281370150305
ইসহাক,0.0003495281370150305
দার,0.0003495281370150305
হাইতির,0.0003495281370150305
প্রধানমন্ত্রীর,0.0003495281370150305
পদত্যাগ,0.0003495281370150305
ইয়েমেনে,0.0003495281370150305
যুক্তরাষ্ট্র,0.0003495281370150305
যুক্তরাজ্যের,0.0003495281370150305
বিমান,0.0003495281370150305
হামলা,0.0003495281370150305
নিহত,0.0003495281370150305
১১,0.0003495281370150305
আত্মাহুতি,0.0003495281370150305
মার্কিন,0.0003495281370150305
সেনার,0.0003495281370150305
নামে,0.0003495281370150305
সড়ক,0.0003495281370150305
নামকরণ,0.0003495281370150305
করল,0.0003495281370150305
ফিলিস্তিন,0.0003495281370150305
অগ্নি,0.0003495281370150305
৫,0.0003495281370150305
ক্ষেপণাস্ত্রের,0.0003495281370150305
সফল,0.0003495281370150305
পরীক্ষা,0.0003495281370150305
চালাল,0.0003495281370150305
ভারত,0.0003495281370150305
প্রেমিকার,0.0003495281370150305
বাগদানের,0.0003495281370150305
সময়,0.0003495281370150305
মৃত্যুর,0.0003495281370150305
কোলে,0.0003495281370150305
ঢলে,0.0003495281370150305
পড়লেন,0.0003495281370150305
যুবক,0.0003495281370150305
অতঃপর,0.0003495281370150305
...,0.0003495281370150305
রমজান,0.0003495281370150305
উপলক্ষ্যে,0.0003495281370150305
বিশ্ব,0.0003495281370150305
মুসলিমকে,0.0003495281370150305
বার্তা,0.0003495281370150305
এরদোগান,0.0003495281370150305
গাজায়,0.0003495281370150305
৯,0.0003495281370150305
নারীকে,0.0003495281370150305
হত্যা,0.0003495281370150305
হয়েছে,0.0003495281370150305
ক্ষুধা,0.0003495281370150305
রক্ত,0.0003495281370150305
রমজানকে,0.0003495281370150305
স্বাগত,0.0003495281370150305
জানাল,0.0003495281370150305
গাজা,0.0003495281370150305
গাজাবাসীর,0.0003495281370150305
অনুপ্রেরণায়,0.0003495281370150305
ইসলাম,0.0003495281370150305
গ্রহণ,0.0003495281370150305
মার্কিন,0.0003495281370150305
লেখক,0.0003495281370150305
শন,0.0003495281370150305
কিং,0.0003495281370150305
রাশিয়ার,0.0003495281370150305
ইলেকট্রনিক,0.0003495281370150305
ভোটিং,0.0003495281370150305
সিস্টেমে,0.0003495281370150305
সাইবার,0.0003495281370150305
আক্রমণ,0.0003495281370150305
চালাবে,0.0003495281370150305
যুক্তরাষ্ট্র,0.0003495281370150305
মালদ্বীপ,0.0003495281370150305
সেনা,0.0003495281370150305
প্রত্যাহার,0.0003495281370150305
ভারতের,0.0003495281370150305
ইসরাইল,0.0003495281370150305
ইহুদিসত্তাকে,0.0003495281370150305
ছিনিয়ে,0.0003495281370150305
নিয়েছে,0.0003495281370150305
অস্কার,0.0003495281370150305
বিজয়ী,0.0003495281370150305
গ্লিজার,0.0003495281370150305
যুক্তরাষ্ট্রের,0.0003495281370150305
বিরুদ্ধে,0.0003495281370150305
প্রেসিডেন্ট,0.0003495281370150305
নির্বাচনে,0.0003495281370150305
হস্তক্ষেপের,0.0003495281370150305
অভিযাগ,0.0003495281370150305
রাশিয়ার,0.0003495281370150305
খাবারের,0.0003495281370150305
অভাবে,0.0003495281370150305
ইফতার,0.0003495281370150305
পারেননি,0.0003495281370150305
গাজার,0.0003495281370150305
২,0.0003495281370150305
চিকিৎসাকর্মী,0.0003495281370150305
কেট,0.0003495281370150305
মিডলটনের,0.0003495281370150305
আংটি,0.0003495281370150305
ছাড়া,0.0003495281370150305
ছবি,0.0003495281370150305
ঘিরে,0.0003495281370150305
ব্রিটেনে,0.0003495281370150305
তোলপাড়,0.0003495281370150305
গাজায়,0.0003495281370150305
যুদ্ধবিরতির,0.0003495281370150305
ভালো,0.0003495281370150305
সুযোগ,0.0003495281370150305
রমজান,0.0003495281370150305
জাতিসংঘ,0.0003495281370150305
পাকিস্তানের,0.0003495281370150305
প্রস্তুত,0.0003495281370150305
চীন,0.0003495281370150305
মধ্যপ্রাচ্যে,0.0003495281370150305
ইরান,0.0003495281370150305
রাশিয়া,0.0003495281370150305
চীনের,0.0003495281370150305
যৌথ,0.0003495281370150305
মহড়া,0.0003495281370150305
সাকিবের,0.0003495281370150305
মন্তব্যের,0.0003495281370150305
জবাব,0.0003495281370150305
তামিম,0.0003495281370150305
বিপিএলের,0.0003495281370150305
হয়েছে,0.0003495281370150305
ডিপিএল,0.0003495281370150305
পুরনো,0.0003495281370150305
ইস্যু,0.0003495281370150305
উস্কে,0.0003495281370150305
দেওয়ায়,0.0003495281370150305
মেজাজ,0.0003495281370150305
হারালেন,0.0003495281370150305
আমির,0.0003495281370150305
জড়ালেন,0.0003495281370150305
তর্কে,0.0003495281370150305
নারী,0.0003495281370150305
ক্রিকেটারদের,0.0003495281370150305
অশালীন,0.0003495281370150305
ক্ষমা,0.0003495281370150305
চাইল,0.0003495281370150305
বোর্ড,0.0003495281370150305
রমজানের,0.0003495281370150305
শুভেচ্ছাবার্তায়,0.0003495281370150305
লিখলেন,0.0003495281370150305
বাবর,0.0003495281370150305
ইউসুফ,0.0003495281370150305
মুশফিকরা,0.0003495281370150305
দর্শকের,0.0003495281370150305
তর্ক,0.0003495281370150305
আমিরের,0.0003495281370150305
হয়েছিল,0.0003495281370150305
মাঠে,0.0003495281370150305
রুয়েটে,0.0003495281370150305
চাকরির,0.0003495281370150305
সুযোগ,0.0003495281370150305
প্রকৌশল,0.0003495281370150305
গুচ্ছ,0.0003495281370150305
ভর্তি,0.0003495281370150305
পরীক্ষায়,0.0003495281370150305
ইশতিয়াক,0.0003495281370150305
এক,0.0003495281370150305
কেন্দ্রেও,0.0003495281370150305
জয়,0.0003495281370150305
পাননি,0.0003495281370150305
পরাজিত,0.0003495281370150305
প্রার্থী,0.0003495281370150305
কুরিয়ার,0.0003495281370150305
সার্ভিস,0.0003495281370150305
মামলার,0.0003495281370150305
হাট,0.0003495281370150305
শেকল,0.0003495281370150305
ছেঁড়ার,0.0003495281370150305
নেশায়,0.0003495281370150305
দুর্বার,0.0003495281370150305
বীর,0.0003495281370150305
বাঙালি,0.0003495281370150305
রমজানে,0.0003495281370150305
স্কুল,0.0003495281370150305
খোলা,0.0003495281370150305
রোজায়,0.0003495281370150305
স্কুল,0.0003495281370150305
খোলা,0.0003495281370150305
বন্ধ,0.0003495281370150305
আদালতের,0.0003495281370150305
তাকিয়ে,0.0003495281370150305
অভিভাবক,0.0003495281370150305
শিক্ষকরা,0.0003495281370150305
রমজানে,0.0003495281370150305
১০,0.0003495281370150305
১৫,0.0003495281370150305
মাধ্যমিক,0.0003495281370150305
স্কুল,0.0003495281370150305
খোলা,0.0003495281370150305
ড.,0.0003495281370150305
ইউনূস,0.0003495281370150305
ইস্যুতে,0.0003495281370150305
মার্কিন,0.0003495281370150305
পররাষ্ট্র,0.0003495281370150305
দপ্তর,0.0003495281370150305
দেশের,0.0003495281370150305
অর্ধেক,0.0003495281370150305
জেলায়,0.0003495281370150305
বজ্রসহ,0.0003495281370150305
বৃষ্টি,0.0003495281370150305
ভারতীয়,0.0003495281370150305
পণ্য,0.0003495281370150305
বর্জন,0.0003495281370150305
ইস্যুতে,0.0003495281370150305
যুক্তরাষ্ট্র,0.0003495281370150305
হোটেল,0.0003495281370150305
রেস্তোরাঁয়,0.0003495281370150305
যেভাবে,0.0003495281370150305
অভিযান,0.0003495281370150305
চালানোর,0.0003495281370150305
নির্দেশ,0.0003495281370150305
হাইকোর্টের,0.0003495281370150305
বাংলাদেশ,0.0003495281370150305
সরকার,0.0003495281370150305
ভারত,0.0003495281370150305
প্রশ্নে,0.0003495281370150305
যুক্তরাষ্ট্র,0.0003495281370150305
তানভীর,0.0003495281370150305
জেসমিনসহ,0.0003495281370150305
১৮,0.0003495281370150305
মামলার,0.0003495281370150305
রায়,0.0003495281370150305
১৯,0.0003495281370150305
মার্চ,0.0003495281370150305
খেজুরের,0.0003495281370150305
দাম,0.0003495281370150305
বেঁধে,0.0003495281370150305
দিল,0.0003495281370150305
সরকার,0.0003495281370150305
রমজানের,0.0003495281370150305
পূর্বপ্রস্তুতি,0.0003495281370150305
সুশাসন,0.0003495281370150305
কৃষি,0.0003495281370150305
সমৃদ্ধির,0.0003495281370150305
মূল,0.0003495281370150305
চালিকাশক্তি,0.0003495281370150305
প্রশ্নোত্তর,0.0003495281370150305
নববী,0.0003495281370150305
আদর্শেই,0.0003495281370150305
উম্মাহর,0.0003495281370150305
মুক্তি,0.0003495281370150305
জীবনের,0.0003495281370150305
শেষ,0.0003495281370150305
সিনেমাতেও,0.0003495281370150305
অস্কার,0.0003495281370150305
জিতলেন,0.0003495281370150305
হায়াও,0.0003495281370150305
মিয়াজাকি,0.0003495281370150305
ওডেসায়,0.0003495281370150305
১৫টি,0.0003495281370150305
রুশ,0.0003495281370150305
ড্রোন,0.0003495281370150305
ভূপাতিত,0.0003495281370150305
দাবি,0.0003495281370150305
ইউক্রেনের,0.0003495281370150305
রমজান,0.0003495281370150305
ঈদ,0.0003495281370150305
মূল্যবৃদ্ধি,0.0003495281370150305
ইন্দোনেশিয়ায়,0.0003495281370150305
মাঝ,0.0003495281370150305
আকাশে,0.0003495281370150305
ঘুমিয়ে,0.0003495281370150305
পড়া,0.0003495281370150305
২,0.0003495281370150305
পাইলট,0.0003495281370150305
বরখাস্ত,0.0003495281370150305
দ্য,0.0003495281370150305
ইকোনমিস্টের,0.0003495281370150305
রিপোর্ট,0.0003495281370150305
নিষেধাজ্ঞা,0.0003495281370150305
সত্ত্বেও,0.0003495281370150305
শক্ত,0.0003495281370150305
অবস্থানে,0.0003495281370150305
রাশিয়ার,0.0003495281370150305
অর্থনীতি,0.0003495281370150305
রমজানে,0.0003495281370150305
আল,0.0003495281370150305
আকসায়,0.0003495281370150305
মুসল্লিদের,0.0003495281370150305
প্রবেশে,0.0003495281370150305
বাধা,0.0003495281370150305
ইসরাইলের,0.0003495281370150305
গাছুয়া,0.0003495281370150305
মাধ্যমিক,0.0003495281370150305
বিদ্যালয়ে,0.0003495281370150305
বার্ষিক,0.0003495281370150305
ক্রীড়া,0.0003495281370150305
প্রতিযোগিতা,0.0003495281370150305
চুয়াডাঙ্গায়,0.0003495281370150305
বাজার,0.0003495281370150305
নিয়ন্ত্রণে,0.0003495281370150305
ডিসি,0.0003495281370150305
এসপির,0.0003495281370150305
মনিটরিং,0.0003495281370150305
কিশোরগঞ্জের,0.0003495281370150305
অজপাড়াগাঁয়ে,0.0003495281370150305
তৈরি,0.0003495281370150305
জামদানি,0.0003495281370150305
শাড়ি,0.0003495281370150305
সাংবাদিক,0.0003495281370150305
রানার,0.0003495281370150305
মুক্তি,0.0003495281370150305
দাবিতে,0.0003495281370150305
ফেনীতে,0.0003495281370150305
মানববন্ধন,0.0003495281370150305
এস্টারিকস,0.0003495281370150305
জাতের,0.0003495281370150305
আলু,0.0003495281370150305
চাষে,0.0003495281370150305
বেলালের,0.0003495281370150305
বাজিমাত,0.0003495281370150305
নারী,0.0003495281370150305
দিবস,0.0003495281370150305
উপলক্ষে,0.0003495281370150305
মহিলা,0.0003495281370150305
বিজ্ঞানী,0.0003495281370150305
সমিতির,0.0003495281370150305
আলোচনা,0.0003495281370150305
সভা,0.0003495281370150305
এশিয়ান,0.0003495281370150305
ইউনিভার্সিটি,0.0003495281370150305
অব,0.0003495281370150305
বাংলাদেশে,0.0003495281370150305
ভর্তিমেলা,0.0003495281370150305
বাংলা,0.0003495281370150305
ভিশনে,0.0003495281370150305
পুষ্টি,0.0003495281370150305
পবিত্র,0.0003495281370150305
কুরআনের,0.0003495281370150305
আলো-,0.0003495281370150305
সিজন,0.0003495281370150305
১৬,0.0003495281370150305
শিক্ষার,0.0003495281370150305
আলো,0.0003495281370150305
বঞ্চিত,0.0003495281370150305
কোমলমতি,0.0003495281370150305
শিশুরা,0.0003495281370150305
রাঙ্গাবালীর,0.0003495281370150305
বিচ্ছিন্ন,0.0003495281370150305
চর,0.0003495281370150305
কাশেমের,0.0003495281370150305
জীবনচিত্র,0.0003495281370150305
আইসিবি,0.0003495281370150305
অ্যাসেট,0.0003495281370150305
ম্যানেজমেন্টে,0.0003495281370150305
আন্তর্জাতিক,0.0003495281370150305
নারী,0.0003495281370150305
দিবস,0.0003495281370150305
উদযাপন,0.0003495281370150305
রেমিট্যান্স,0.0003495281370150305
আহরণে,0.0003495281370150305
গোল্ড,0.0003495281370150305
অ্যাওয়ার্ড,0.0003495281370150305
পেল,0.0003495281370150305
ইসলামী,0.0003495281370150305
ব্যাংক,0.0003495281370150305
ওয়ালটনের,0.0003495281370150305
ননস্টপ,0.0003495281370150305
মিলিয়নিয়ার,0.0003495281370150305
ক্যাম্পেইনে,0.0003495281370150305
ফ্রিজ,0.0003495281370150305
কিনে,0.0003495281370150305
১০,0.0003495281370150305
লাখ,0.0003495281370150305
টাকা,0.0003495281370150305
পেলেন,0.0003495281370150305
সিলেটের,0.0003495281370150305
গৃহিণী,0.0003495281370150305
লাকি,0.0003495281370150305
বেগম,0.0003495281370150305
পতনের,0.0003495281370150305
পথেই,0.0003495281370150305
হাঁটছে,0.0003495281370150305
পুঁজিবাজার,0.0003495281370150305
বাজারমূলধনে,0.0003495281370150305
আরো,0.0003495281370150305
১৪২১,0.0003495281370150305
টাকা,0.0003495281370150305
প্রাথমিকে,0.0003495281370150305
প্রতিবন্ধী,0.0003495281370150305
কোটায়,0.0003495281370150305
১১৭,0.0003495281370150305
নিয়োগ,0.0003495281370150305
প্রশ্নে,0.0003495281370150305
হাইকোর্টের,0.0003495281370150305
রুল,0.0003495281370150305
রমজানে,0.0003495281370150305
স্কুল,0.0003495281370150305
খোলা,0.0003495281370150305
আপিল,0.0003495281370150305
বিভাগে,0.0003495281370150305
শুনানি,0.0003495281370150305
আদেশ,0.0003495281370150305
স্থগিত,0.0003495281370150305
করেনি,0.0003495281370150305
চেম্বার,0.0003495281370150305
আদালত,0.0003495281370150305
চিকিৎসা,0.0003495281370150305
অবহেলার,0.0003495281370150305
মেডিক্যাল,0.0003495281370150305
বোর্ড,0.0003495281370150305
গঠন,0.0003495281370150305
প্রশ্নে,0.0003495281370150305
হাইকোর্টের,0.0003495281370150305
রুল,0.0003495281370150305
৪৫তম,0.0003495281370150305
মৃত্যুবার্ষিকী,0.0003495281370150305
যাদু,0.0003495281370150305
মিয়াকে,0.0003495281370150305
জাতি,0.0003495281370150305
চিরদিন,0.0003495281370150305
স্মরণ,0.0003495281370150305
বাংলাদেশ,0.0003495281370150305
ন্যাপ,0.0003495281370150305
মসিক,0.0003495281370150305
নির্বাচনে,0.0003495281370150305
কাউন্সিলর,0.0003495281370150305
৯,0.0003495281370150305
সংরক্ষিত,0.0003495281370150305
মহিলা,0.0003495281370150305
কাউন্সিলর,0.0003495281370150305
৮,0.0003495281370150305
মুখ,0.0003495281370150305
নারী,0.0003495281370150305
পুরুষ,0.0003495281370150305
সমতা,0.0003495281370150305
ন্যায্যতা,0.0003495281370150305
ড.,0.0003495281370150305
সাদেকা,0.0003495281370150305
হালিম,0.0003495281370150305
রাবির,0.0003495281370150305
ইউনিটের,0.0003495281370150305
ফল,0.0003495281370150305
প্রকাশ,0.0003495281370150305
চট্টগ্রামে,0.0003495281370150305
আমীর,0.0003495281370150305
খসরু,0.0003495281370150305
৭,0.0003495281370150305
জানুয়ারির,0.0003495281370150305
নির্বাচন,0.0003495281370150305
অনেকটা,0.0003495281370150305
মিলিটারি,0.0003495281370150305
ক্যুর,0.0003495281370150305
গুম,0.0003495281370150305
হত্যার,0.0003495281370150305
শিকার,0.0003495281370150305
নেতাকর্মীর,0.0003495281370150305
পরিবারের,0.0003495281370150305
পাশে,0.0003495281370150305
মহানগর,0.0003495281370150305
বিএনপি,0.0003495281370150305
ইসলামী,0.0003495281370150305
আন্দোলনের,0.0003495281370150305
অগ্রযাত্রায়,0.0003495281370150305
শাহাদত,0.0003495281370150305
প্রেরণার,0.0003495281370150305
উৎস,0.0003495281370150305
অধ্যাপক,0.0003495281370150305
মুজিব,0.0003495281370150305
সারি,0.0003495281370150305
ইমনের,0.0003495281370150305
হ্যাটট্রিকে,0.0003495281370150305
মোহামেডানের,0.0003495281370150305
জয়,0.0003495281370150305
লেবুর,0.0003495281370150305
হালি,0.0003495281370150305
শসার,0.0003495281370150305
কেজি,0.0003495281370150305
শতক,0.0003495281370150305
ছুঁয়েছে,0.0003495281370150305
মাছ,0.0003495281370150305
গোশতে,0.0003495281370150305
আগুন,0.0003495281370150305
চাহিদা,0.0003495281370150305
সাহরি,0.0003495281370150305
ইফতারসামগ্রী,0.0003495281370150305
কিনতে,0.0003495281370150305
পারছেন,0.0003495281370150305
অতীত,0.0003495281370150305
থাকতে,0.0003495281370150305
হৃদয়,0.0003495281370150305
প্রাইম,0.0003495281370150305
ব্যাংক,0.0003495281370150305
আবাহনী,0.0003495281370150305
শেখ,0.0003495281370150305
জামাল,0.0003495281370150305
জয়ী,0.0003495281370150305
ব্রত,0.0003495281370150305
ওডিআই,0.0003495281370150305
মিশনে,0.0003495281370150305
হাথুরু,0.0003495281370150305
থাকলে,0.0003495281370150305
ফেরা,0.0003495281370150305
কঠিন,0.0003495281370150305
তামিম,0.0003495281370150305
দেশবাসীকে,0.0003495281370150305
রমজানের,0.0003495281370150305
শুভেচ্ছা,0.0003495281370150305
দ্রব্যমূল্য,0.0003495281370150305
ক্রয়ক্ষমতার,0.0003495281370150305
আনতে,0.0003495281370150305
-খেলাফত,0.0003495281370150305
মজলিস,0.0003495281370150305
কুয়েতে,0.0003495281370150305
প্রবাসী,0.0003495281370150305
যুবকের,0.0003495281370150305
মৃত্যু,0.0003495281370150305
শ্রমিকদের,0.0003495281370150305
কর্মঘণ্টা,0.0003495281370150305
কমানোর,0.0003495281370150305
দাবি,0.0003495281370150305
ন্যায়,0.0003495281370150305
ইনসাফভিত্তিক,0.0003495281370150305
সমাজ,0.0003495281370150305
প্রতিষ্ঠা,0.0003495281370150305
-শামসুল,0.0003495281370150305
ইসলাম,0.0003495281370150305
বিএনপি,0.0003495281370150305
জালিম,0.0003495281370150305
সরকারের,0.0003495281370150305
মাথা,0.0003495281370150305
নত,0.0003495281370150305
দুলু,0.0003495281370150305
রাজশাহীতে,0.0003495281370150305
স্বাস্থ্যমন্ত্রী,0.0003495281370150305
অপারেশনকালে,0.0003495281370150305
দুর্ঘটনা,0.0003495281370150305
ঘটলে,0.0003495281370150305
দায়,0.0003495281370150305
হাসপাতাল,0.0003495281370150305
চিকিৎসককে,0.0003495281370150305
প্রবাসী,0.0003495281370150305
কর্মীদের,0.0003495281370150305
মেধাবী,0.0003495281370150305
সন্তানদের,0.0003495281370150305
হাতে,0.0003495281370150305
শিক্ষাবৃত্তি,0.0003495281370150305
প্রতিবন্ধী,0.0003495281370150305
ভাতার,0.0003495281370150305
চেক,0.0003495281370150305
বিতরণ,0.0003495281370150305
বরিশালের,0.0003495281370150305
পার্ক,0.0003495281370150305
শতাধিক,0.0003495281370150305
ছাত্রছাত্রী,0.0003495281370150305
আটক,0.0003495281370150305
সাঁথিয়ায়,0.0003495281370150305
আগুনে,0.0003495281370150305
৬টি,0.0003495281370150305
দোকান,0.0003495281370150305
পুড়ে,0.0003495281370150305
টাকার,0.0003495281370150305
ক্ষতি,0.0003495281370150305
বেইলি,0.0003495281370150305
রোডে,0.0003495281370150305
নিহত,0.0003495281370150305
সাংবাদিকের,0.0003495281370150305
লাশ,0.0003495281370150305
বুঝে,0.0003495281370150305
পেলেন,0.0003495281370150305
বাবা,0.0003495281370150305
পটিয়া,0.0003495281370150305
মাদরাসায়,0.0003495281370150305
মুহতামিম,0.0003495281370150305
নিয়োগ,0.0003495281370150305
সম্পূর্ণ,0.0003495281370150305
অবৈধ,0.0003495281370150305
আঞ্জুমনে,0.0003495281370150305
ইত্তেহাদুল,0.0003495281370150305
মাদারিস,0.0003495281370150305
বাংলাদেশ,0.0003495281370150305
অতিরিক্ত,0.0003495281370150305
আইজিপি,0.0003495281370150305
পদমর্যাদার,0.0003495281370150305
পুলিশের,0.0003495281370150305
ছয়,0.0003495281370150305
কর্মকর্তার,0.0003495281370150305
পদায়ন,0.0003495281370150305
ঝালকাঠিতে,0.0003495281370150305
মেয়েদের,0.0003495281370150305
স্কুল,0.0003495281370150305
ভাঙচুর,0.0003495281370150305
করল,0.0003495281370150305
ছেলেরা,0.0003495281370150305
রাজশাহীতে,0.0003495281370150305
সনি,0.0003495281370150305
হত্যা,0.0003495281370150305
মামলায়,0.0003495281370150305
তরুণ,0.0003495281370150305
তরুণীর,0.0003495281370150305
যাবজ্জীবন,0.0003495281370150305
মোবাইল,0.0003495281370150305
কোর্ট,0.0003495281370150305
বসিয়ে,0.0003495281370150305
সাংবাদিককে,0.0003495281370150305
কারাদণ্ড,0.0003495281370150305
সম্পাদক,0.0003495281370150305
পরিষদের,0.0003495281370150305
নিন্দা,0.0003495281370150305
উদ্বেগ,0.0003495281370150305
ওয়াইফাইয়ের,0.0003495281370150305
নাম,0.0003495281370150305
পরিবর্তনে,0.0003495281370150305
মাঝ,0.0003495281370150305
আকাশে,0.0003495281370150305
পাইলটের,0.0003495281370150305
ঘুম,0.0003495281370150305
হেলথ,0.0003495281370150305
টিপস,0.0003495281370150305
টমেটোর,0.0003495281370150305
উপকারিতা,0.0003495281370150305
রাজধানীর,0.0003495281370150305
এভারকেয়ারে,0.0003495281370150305
১০০তম,0.0003495281370150305
বোনম্যারো,0.0003495281370150305
প্রতিস্থাপন,0.0003495281370150305
সোনারগাঁওয়ে,0.0003495281370150305
এসএসসি,0.0003495281370150305
পরীক্ষার্থীসহ,0.0003495281370150305
পরিবারের,0.0003495281370150305
তিনজনকে,0.0003495281370150305
কুপিয়ে,0.0003495281370150305
জখম,0.0003495281370150305
বিশ্বের,0.0003495281370150305
মুসলিমদের,0.0003495281370150305
রমজানের,0.0003495281370150305
শুভেচ্ছা,0.0003495281370150305
বাইডেন,0.0003495281370150305
ট্রুডোর,0.0003495281370150305
বায়তুল,0.0003495281370150305
মোকাররমে,0.0003495281370150305
মাসব্যাপী,0.0003495281370150305
ইসলামী,0.0003495281370150305
বইমেলা,0.0003495281370150305
আপিল,0.0003495281370150305
বিভাগের,0.0003495281370150305
আদেশ,0.0003495281370150305
গ্রামীণ,0.0003495281370150305
কল্যাণের,0.0003495281370150305
৬০০,0.0003495281370150305
টাকা,0.0003495281370150305
দাবির,0.0003495281370150305
রিট,0.0003495281370150305
নিষ্পত্তির,0.0003495281370150305
নির্দেশ,0.0003495281370150305
কনস্যুলার,0.0003495281370150305
সার্ভিসের,0.0003495281370150305
প্রয়োজনীয়,0.0003495281370150305
জনবল,0.0003495281370150305
দেয়া,0.0003495281370150305
সম্ভব,0.0003495281370150305
দূতাবাস,0.0003495281370150305
সম্পর্কে,0.0003495281370150305
পররাষ্ট্রমন্ত্রী,0.0003495281370150305
কক্সবাজারে,0.0003495281370150305
এডি,0.0003495281370150305
আর্টিলারি,0.0003495281370150305
গান,0.0003495281370150305
ফায়ারিং,0.0003495281370150305
পরিদর্শনে,0.0003495281370150305
সেনাবাহিনী,0.0003495281370150305
প্রধান,0.0003495281370150305
ডেঙ্গুতে,0.0003495281370150305
মৃত্যু,0.0003495281370150305
শনাক্ত,0.0003495281370150305
দ্বিগুণ,0.0003495281370150305
রাজপথে,0.0003495281370150305
মৃত্যুর,0.0003495281370150305
হানা,0.0003495281370150305
সিংড়ায়,0.0003495281370150305
২,0.0003495281370150305
সহোদরসহ,0.0003495281370150305
স্থানে,0.0003495281370150305
নিহত,0.0003495281370150305
৭,0.0003495281370150305
মানহীন,0.0003495281370150305
মেশিনে,0.0003495281370150305
অচল,0.0003495281370150305
এআইএসের,0.0003495281370150305
আধুনিক,0.0003495281370150305
প্রেস,0.0003495281370150305
টাকা,0.0003495281370150305
লোপাটের,0.0003495281370150305
অভিযোগ,0.0003495281370150305
বিএডিসি,0.0003495281370150305
উইমেনস,0.0003495281370150305
অ্যাসোসিয়েশনে,0.0003495281370150305
বক্তারা,0.0003495281370150305
নারীরা,0.0003495281370150305
উচ্চ,0.0003495281370150305
আসনে,0.0003495281370150305
অধিষ্ঠিত,0.0003495281370150305
বাধার,0.0003495281370150305
শিকার,0.0003495281370150305
বর্তমান,0.0003495281370150305
সরকার,0.0003495281370150305
সুপ্রিম,0.0003495281370150305
কোর্টকেও,0.0003495281370150305
অপবিত্র,0.0003495281370150305
রিজভী,0.0003495281370150305
স্থানে,0.0003495281370150305
সাহরি,0.0003495281370150305
ইফতারির,0.0003495281370150305
প্যাকেট,0.0003495281370150305
বিতরণ,0.0003495281370150305
জামায়াতের,0.0003495281370150305
আমির,0.0003495281370150305
ডা,0.0003495281370150305
শফিকের,0.0003495281370150305
মুক্তিলাভ,0.0003495281370150305
আতঙ্কে,0.0003495281370150305
রেস্তোরাঁ,0.0003495281370150305
ব্যবসায়,0.0003495281370150305
লালবাতি,0.0003495281370150305
জামিনে,0.0003495281370150305
মুক্তি,0.0003495281370150305
পাওয়া,0.0003495281370150305
বিএনপির,0.0003495281370150305
নেতাকর্মীরা,0.0003495281370150305
খাঁচায়,0.0003495281370150305
পোষা,0.0003495281370150305
মুরগির,0.0003495281370150305
আব্বাস,0.0003495281370150305
গণমানুষকে,0.0003495281370150305
জাগাতে,0.0003495281370150305
বেরিয়ে,0.0003495281370150305
পড়লেন,0.0003495281370150305
ভাসানী,0.0003495281370150305
সুপ্রিম,0.0003495281370150305
কোর্ট,0.0003495281370150305
নির্বাচনে,0.0003495281370150305
মারামারি,0.0003495281370150305
তিন,0.0003495281370150305
সহকারী,0.0003495281370150305
অ্যাটর্নি,0.0003495281370150305
জেনারেলকে,0.0003495281370150305
অব্যাহতি,0.0003495281370150305
ভারতে,0.0003495281370150305
বিতর্কিত,0.0003495281370150305
নাগরিকত্ব,0.0003495281370150305
আইন,0.0003495281370150305
কার্যকর,0.0003495281370150305
খোশ,0.0003495281370150305
আমদেদ,0.0003495281370150305
মাহে,0.0003495281370150305
রমজান,0.0003495281370150305
রমজান,0.0003495281370150305
মাসে,0.0003495281370150305
বিএনপি,0.0003495281370150305
যতই,0.0003495281370150305
কর্মসূচি,0.0003495281370150305
পালন,0.0003495281370150305
ততই,0.0003495281370150305
জনবিচ্ছিন্ন,0.0003495281370150305
হয়ে,0.0003495281370150305
পড়বে,0.0003495281370150305
ওবায়দুল,0.0003495281370150305
কাদের,0.0003495281370150305
ফার্স্ট,0.0003495281370150305
লেডি,0.0003495281370150305
আসিফা,0.0003495281370150305
ভুট্টো,0.0003495281370150305
পাকিস্তানে,0.0003495281370150305
শপথ,0.0003495281370150305
নিলেন,0.0003495281370150305
১৯,0.0003495281370150305
মন্ত্রী,0.0003495281370150305
পবিত্র,0.0003495281370150305
রমজান,0.0003495281370150305
মাস,0.0003495281370150305
৬,0.0003495281370150305
এপ্রিল,0.0003495281370150305
শবেকদর,0.0003495281370150305
নাগালের,0.0003495281370150305
বাইরে,0.0003495281370150305
খেজুর,0.0003495281370150305
অস্থির,0.0003495281370150305
লেবু,0.0003495281370150305
শসা,0.0003495281370150305
বেগুন,0.0003495281370150305
ট্যাক্স,0.0003495281370150305
দায়মুক্তি,0.0003495281370150305
অফশোর,0.0003495281370150305
বিডিংয়ে,0.0003495281370150305
বাম,0.0003495281370150305
জোটের,0.0003495281370150305
সমাবেশে,0.0003495281370150305
নেতারা,0.0003495281370150305
জনগণের,0.0003495281370150305
মিছিল,0.0003495281370150305
ঠেকিয়ে,0.0003495281370150305
দুর্নীতিবাজদের,0.0003495281370150305
বিরুদ্ধে,0.0003495281370150305
অভিযান,0.0003495281370150305
চালান,0.0003495281370150305
চিকিৎসাবিজ্ঞান,0.0003495281370150305
গবেষণায়,0.0003495281370150305
প্রণোদনা,0.0003495281370150305
প্যাকেজ,0.0003495281370150305
দেবে,0.0003495281370150305
সরকার,0.0003495281370150305
প্রধানমন্ত্রী,0.0003495281370150305
তৃতীয়,0.0003495281370150305
নয়ন,0.0003495281370150305
ঢাকার,0.0003495281370150305
যানবাহন,0.0003495281370150305
সুশাসন,0.0003495281370150305
কৃষি,0.0003495281370150305
সমৃদ্ধির,0.0003495281370150305
মূল,0.0003495281370150305
চালিকাশক্তি,0.0003495281370150305
গাজায়,0.0003495281370150305
ইসরাইলকে,0.0003495281370150305
সমর্থন,0.0003495281370150305
বাইডেনের,0.0003495281370150305
বিরুদ্ধে,0.0003495281370150305
ফুঁসছে,0.0003495281370150305
আরব,0.0003495281370150305
আমেরিকানরা,0.0003495281370150305
পারিবারিক,0.0003495281370150305
ছবি,0.0003495281370150305
এডিট,0.0003495281370150305
ক্ষমা,0.0003495281370150305
চাইলেন,0.0003495281370150305
প্রিন্সেস,0.0003495281370150305
কেট,0.0003495281370150305
জিনজিয়াং,0.0003495281370150305
সফরে,0.0003495281370150305
সর্বোচ্চ,0.0003495281370150305
সতর্কতামূলক,0.0003495281370150305
পরামর্শ,0.0003495281370150305
জারির,0.0003495281370150305
আহ্বান,0.0003495281370150305
মার্কিন,0.0003495281370150305
প্যানেলের,0.0003495281370150305
হংকংয়ের,0.0003495281370150305
জাতীয়,0.0003495281370150305
নিরাপত্তা,0.0003495281370150305
বিলে,0.0003495281370150305
কঠোর,0.0003495281370150305
শাস্তির,0.0003495281370150305
বিধান,0.0003495281370150305
পর্যাপ্ত,0.0003495281370150305
পানি,0.0003495281370150305
খেয়েও,0.0003495281370150305
প্রস্রাবে,0.0003495281370150305
সমস্যা,0.0003495281370150305
জটিল,0.0003495281370150305
রোগের,0.0003495281370150305
ইঙ্গিত,0.0003495281370150305
ভারতে,0.0003495281370150305
ক্যা,0.0003495281370150305
বিতর্ক,0.0003495281370150305
ছবি,0.0003495281370150305
তুলেই,0.0003495281370150305
যেকোনো,0.0003495281370150305
অঙ্কের,0.0003495281370150305
সমাধান,0.0003495281370150305
গুগলের,0.0003495281370150305
অ্যাপে,0.0003495281370150305
পাকিস্তানের,0.0003495281370150305
ফার্স্ট,0.0003495281370150305
লেডি,0.0003495281370150305
হলেন,0.0003495281370150305
আসিফা,0.0003495281370150305
ভুট্টো,0.0003495281370150305
কোচ,0.0003495281370150305
পেলেন,0.0003495281370150305
লিটন,0.0003495281370150305
শান্তরা,0.0003495281370150305
মার্ভ,0.0003495281370150305
প্রযুক্তি,0.0003495281370150305
নির্ভর,0.0003495281370150305
অগ্নি,0.0003495281370150305
৫,0.0003495281370150305
মিসাইলের,0.0003495281370150305
সফল,0.0003495281370150305
পরীক্ষা,0.0003495281370150305
ভারতের,0.0003495281370150305
প্রয়োজন,0.0003495281370150305
পৃষ্ঠপোষকতা,0.0003495281370150305
গুণে,0.0003495281370150305
ভরা,0.0003495281370150305
ভেন্না,0.0003495281370150305
ভোজ্যতেল,0.0003495281370150305
ঔষধি,0.0003495281370150305
ফসল,0.0003495281370150305
আরএএফ,0.0003495281370150305
জার্মানিতে,0.0003495281370150305
সন্ত্রাসবাদের,0.0003495281370150305
অমীমাংসিত,0.0003495281370150305
এক,0.0003495281370150305
অধ্যায়,0.0003495281370150305
মোটরসাইকেল,0.0003495281370150305
নিয়ন্ত্রণ,0.0003495281370150305
হারিয়ে,0.0003495281370150305
বৈদ্যুতিক,0.0003495281370150305
খুঁটির,0.0003495281370150305
সাথে,0.0003495281370150305
ধাক্কা,0.0003495281370150305
নিহত,0.0003495281370150305
২,0.0003495281370150305
সকালে,0.0003495281370150305
বিশ্বের,0.0003495281370150305
দ্বিতীয়,0.0003495281370150305
দূষিত,0.0003495281370150305
বাতাস,0.0003495281370150305
ঢাকার,0.0003495281370150305
রমজানে,0.0003495281370150305
গাজায়,0.0003495281370150305
হামলা,0.0003495281370150305
চালানোয়,0.0003495281370150305
আতঙ্কিত,0.0003495281370150305
জাতিসঙ্ঘ,0.0003495281370150305
প্রধান,0.0003495281370150305
ইউক্রেন,0.0003495281370150305
পোপের,0.0003495281370150305
মন্তব্যের,0.0003495281370150305
সমালোচনায়,0.0003495281370150305
জার্মানি,0.0003495281370150305
রোজায়,0.0003495281370150305
স্কুল,0.0003495281370150305
খোলা,0.0003495281370150305
ডিএমপির,0.0003495281370150305
অভিযানে,0.0003495281370150305
গ্রেফতার,0.0003495281370150305
২৩,0.0003495281370150305
কুষ্টিয়ায়,0.0003495281370150305
চাচার,0.0003495281370150305
কবরের,0.0003495281370150305
পাশে,0.0003495281370150305
বৃষ্টির,0.0003495281370150305
দাফন,0.0003495281370150305
হাইতির,0.0003495281370150305
প্রধানমন্ত্রীর,0.0003495281370150305
পদত্যাগ,0.0003495281370150305
সিনিয়র,0.0003495281370150305
ম্যানেজার,0.0003495281370150305
পদে,0.0003495281370150305
যমুনা,0.0003495281370150305
গ্রুপে,0.0003495281370150305
চাকরির,0.0003495281370150305
সুযোগ,0.0003495281370150305
সালাম,0.0003495281370150305
মুর্শেদীর,0.0003495281370150305
বাড়ি,0.0003495281370150305
হাইকোর্টের,0.0003495281370150305
রায়,0.0003495281370150305
দুপুরে,0.0003495281370150305
পাকিস্তানের,0.0003495281370150305
পররাষ্ট্রমন্ত্রী,0.0003495281370150305
ইসহাক,0.0003495281370150305
দার,0.0003495281370150305
থেমে,0.0003495281370150305
ট্রাকে,0.0003495281370150305
ধাক্কা,0.0003495281370150305
নিহত,0.0003495281370150305
৪,0.0003495281370150305
এতিম,0.0003495281370150305
আলেমদের,0.0003495281370150305
সাথে,0.0003495281370150305
ইফতার,0.0003495281370150305
বিএনপি,0.0003495281370150305
রমজানে,0.0003495281370150305
খাওয়া,0.0003495281370150305
রমজানে,0.0003495281370150305
শিক্ষাপ্রতিষ্ঠান,0.0003495281370150305
খোলা,0.0003495281370150305
আপিল,0.0003495281370150305
বিভাগ,0.0003495281370150305
ভারতে,0.0003495281370150305
নিয়ন্ত্রণ,0.0003495281370150305
হারিয়ে,0.0003495281370150305
বরযাত্রায়,0.0003495281370150305
ট্রাকের,0.0003495281370150305
ধাক্কা,0.0003495281370150305
নিহত,0.0003495281370150305
৫,0.0003495281370150305
সারাদেশে,0.0003495281370150305
বাড়তে,0.0003495281370150305
রাতের,0.0003495281370150305
তাপমাত্রা,0.0003495281370150305
গলাচিপায়,0.0003495281370150305
মহিষের,0.0003495281370150305
আঘাতে,0.0003495281370150305
এক,0.0003495281370150305
কৃষকের,0.0003495281370150305
মৃত্যু,0.0003495281370150305
রোজায়,0.0003495281370150305
শিক্ষাপ্রতিষ্ঠান,0.0003495281370150305
কতদিন,0.0003495281370150305
খোলা,0.0003495281370150305
শিক্ষাঙ্গনে,0.0003495281370150305
ইফতার,0.0003495281370150305
মাহফিল,0.0003495281370150305
নিষিদ্ধের,0.0003495281370150305
প্রতিবাদ,0.0003495281370150305
ছাত্রদলের,0.0003495281370150305
যুবদলের,0.0003495281370150305
সম্পাদক,0.0003495281370150305
মোনায়েম,0.0003495281370150305
মুন্নার,0.0003495281370150305
বাসায়,0.0003495281370150305
মঈন,0.0003495281370150305
খান,0.0003495281370150305
বাংলাদেশে,0.0003495281370150305
আশ্রয়,0.0003495281370150305
নেয়া,0.0003495281370150305
বিজিপি,0.0003495281370150305
সদস্যদের,0.0003495281370150305
সংখ্যা,0.0003495281370150305
বেড়ে,0.0003495281370150305
১৭৯,0.0003495281370150305
কাউখালীতে,0.0003495281370150305
শসার,0.0003495281370150305
কেজি,0.0003495281370150305
১০০,0.0003495281370150305
টাকা,0.0003495281370150305
মিয়ানমারে,0.0003495281370150305
সঙ্ঘাতে,0.0003495281370150305
নিহত,0.0003495281370150305
আনোয়ারের,0.0003495281370150305
সন্তানদের,0.0003495281370150305
ভবিষ্যৎ,0.0003495281370150305
অনিশ্চিত,0.0003495281370150305
সিরিজ,0.0003495281370150305
জিততে,0.0003495281370150305
চায়,0.0003495281370150305
বাংলাদেশ,0.0003495281370150305
সমর্থকদের,0.0003495281370150305
ফিডব্যাক,0.0003495281370150305
শান্ত,0.0003495281370150305
আইনজীবীদের,0.0003495281370150305
মর্যাদা,0.0003495281370150305
ধূলায়,0.0003495281370150305
লুটিয়ে,0.0003495281370150305
দিয়েছে,0.0003495281370150305
সরকার,0.0003495281370150305
রিজভী,0.0003495281370150305
পাকিস্তানের,0.0003495281370150305
দোকানে,0.0003495281370150305
পার্সোনাল,0.0003495281370150305
কম্পিউটারের,0.0003495281370150305
ভাইরাস,0.0003495281370150305
ব্রেইনের,0.0003495281370150305
জন্ম,0.0003495281370150305
হয়েছিল,0.0003495281370150305
যেভাবে,0.0003495281370150305
সোনারগাঁয়ে,0.0003495281370150305
কোল্ড,0.0003495281370150305
স্টোরেজ,0.0003495281370150305
মেয়াদোত্তীর্ণ,0.0003495281370150305
১৪,0.0003495281370150305
টন,0.0003495281370150305
খেজুর,0.0003495281370150305
জব্দ,0.0003495281370150305
রমজানে,0.0003495281370150305
মুমিনের,0.0003495281370150305
করণীয়,0.0003495281370150305
কোভিড,0.0003495281370150305
বিশ্বব্যাপী,0.0003495281370150305
মানুষের,0.0003495281370150305
আয়ু,0.0003495281370150305
১.৬,0.0003495281370150305
বছর,0.0003495281370150305
কমিয়েছে,0.0003495281370150305
গবেষণা,0.0003495281370150305
তাড়াশে,0.0003495281370150305
ভুট্টা,0.0003495281370150305
ক্ষেত,0.0003495281370150305
নবজাতক,0.0003495281370150305
উদ্ধার,0.0003495281370150305
কোয়ালিটি,0.0003495281370150305
ইন্টিগ্রেটেড,0.0003495281370150305
অ্যাগ্রোর,0.0003495281370150305
মিট,0.0003495281370150305
অ্যান্ড,0.0003495281370150305
গ্রিট,0.0003495281370150305
সম্মেলন,0.0003495281370150305
জামালপুরে,0.0003495281370150305
ইউপি,0.0003495281370150305
চেয়ারম্যান,0.0003495281370150305
সাময়িক,0.0003495281370150305
বরখাস্ত,0.0003495281370150305
মানবাধিকার,0.0003495281370150305
আইনের,0.0003495281370150305
শাসন,0.0003495281370150305
বজায়,0.0003495281370150305
রাখতে,0.0003495281370150305
বাংলাদেশ,0.0003495281370150305
প্রতিশ্রুতিবদ্ধ,0.0003495281370150305
স্পিকার,0.0003495281370150305
সৌম্যকে,0.0003495281370150305
বড়,0.0003495281370150305
আশা,0.0003495281370150305
অধিনায়ক,0.0003495281370150305
শান্তের,0.0003495281370150305
মিরসরাইয়ে,0.0003495281370150305
স্কুলছাত্রীকে,0.0003495281370150305
ধর্ষণের,0.0003495281370150305
অভিযোগ,0.0003495281370150305
বখাটে,0.0003495281370150305
গ্রেফতার,0.0003495281370150305
ইউক্রেনে,0.0003495281370150305
রাশিয়ার,0.0003495281370150305
অগ্রযাত্রা,0.0003495281370150305
থেমে,0.0003495281370150305
জেলেনস্কি,0.0003495281370150305
১২,0.0003495281370150305
শ,0.0003495281370150305
টাকা,0.0003495281370150305
ব্যয়ে,0.0003495281370150305
প্রশস্ত,0.0003495281370150305
মেরিন,0.0003495281370150305
ড্রাইভ,0.0003495281370150305
সড়ক,0.0003495281370150305
ধরনের,0.0003495281370150305
খেজুরের,0.0003495281370150305
যৌক্তিক,0.0003495281370150305
মূল্য,0.0003495281370150305
নির্ধারণ,0.0003495281370150305
দিলো,0.0003495281370150305
সরকার,0.0003495281370150305
মালদ্বীপ,0.0003495281370150305
সৈন্য,0.0003495281370150305
প্রত্যাহার,0.0003495281370150305
করল,0.0003495281370150305
ভারত,0.0003495281370150305
রমজানে,0.0003495281370150305
দুধের,0.0003495281370150305
লিটার,0.0003495281370150305
১০,0.0003495281370150305
টাকা,0.0003495281370150305
ধর্ম,0.0003495281370150305
অবমাননায়,0.0003495281370150305
সর্বোচ্চ,0.0003495281370150305
সাজা,0.0003495281370150305
মৃত্যুদণ্ডের,0.0003495281370150305
হাইকোর্ট,0.0003495281370150305
দ্রব্যমূল্যের,0.0003495281370150305
লাগামহীন,0.0003495281370150305
ঊর্ধ্বগতির,0.0003495281370150305
কারণে,0.0003495281370150305
জনজীবন,0.0003495281370150305
বিপর্যস্ত,0.0003495281370150305
হয়ে,0.0003495281370150305
পড়েছে,0.0003495281370150305
জবির,0.0003495281370150305
রেজিস্ট্রার,0.0003495281370150305
পদ,0.0003495281370150305
অব্যাহতি,0.0003495281370150305
নিলেন,0.0003495281370150305
ওহিদুজ্জামান,0.0003495281370150305
অ্যাপ,0.0003495281370150305
কর্মীদের,0.0003495281370150305
অধিকার,0.0003495281370150305
রক্ষায়,0.0003495281370150305
সম্মত,0.0003495281370150305
ইইউ,0.0003495281370150305
মেয়ের,0.0003495281370150305
মৃত্যুর,0.0003495281370150305
সংবাদ,0.0003495281370150305
শুনে,0.0003495281370150305
মারা,0.0003495281370150305
গেলেন,0.0003495281370150305
মা,0.0003495281370150305
কাভার্ডভ্যান,0.0003495281370150305
নছিমনের,0.0003495281370150305
সংঘর্ষে,0.0003495281370150305
নির্মাণশ্রমিক,0.0003495281370150305
নিহত,0.0003495281370150305
আহত,0.0003495281370150305
৬,0.0003495281370150305
কর্মসংস্থান,0.0003495281370150305
সৃষ্টির,0.0003495281370150305
লক্ষ্যে,0.0003495281370150305
ঠাকুরগাঁওয়ে,0.0003495281370150305
জামায়াতের,0.0003495281370150305
সেলাই,0.0003495281370150305
মেশিন,0.0003495281370150305
বিতরণ,0.0003495281370150305
ভারত,0.0003495281370150305
মহাসাগরে,0.0003495281370150305
জলদস্যুদের,0.0003495281370150305
কবলে,0.0003495281370150305
বাংলাদেশী,0.0003495281370150305
জাহাজ,0.0003495281370150305
ইফতারের,0.0003495281370150305
ফজিলত,0.0003495281370150305
পাথরঘাটায়,0.0003495281370150305
প্রবাসীর,0.0003495281370150305
বাড়ি,0.0003495281370150305
স্বর্ণালংকার,0.0003495281370150305
মালামাল,0.0003495281370150305
চুরি,0.0003495281370150305
জয়পুরহাটে,0.0003495281370150305
ম্যাজিস্ট্রেট,0.0003495281370150305
কমে,0.0003495281370150305
বেগুন,0.0003495281370150305
আদার,0.0003495281370150305
দাম,0.0003495281370150305
চুয়াডাঙ্গায়,0.0003495281370150305
ইউপি,0.0003495281370150305
চেয়ারম্যানের,0.0003495281370150305
বরখাস্ত,0.0003495281370150305
চেয়ে,0.0003495281370150305
সদস্যদের,0.0003495281370150305
অনাস্থা,0.0003495281370150305
প্রস্তাব,0.0003495281370150305
কাঁচপুরে,0.0003495281370150305
মজুদকৃত,0.0003495281370150305
৪৯,0.0003495281370150305
লাখ,0.0003495281370150305
টাকার,0.0003495281370150305
মেয়াদোত্তীর্ণ,0.0003495281370150305
খেজুর,0.0003495281370150305
জব্দ,0.0003495281370150305
গাজীপুরে,0.0003495281370150305
আসামি,0.0003495281370150305
গ্রেফতারে,0.0003495281370150305
সহযোগিতা,0.0003495281370150305
করায়,0.0003495281370150305
কাটা,0.0003495281370150305
যুবকের,0.0003495281370150305
কব্জি,0.0003495281370150305
রোজায়,0.0003495281370150305
সিএনজি,0.0003495281370150305
স্টেশন,0.0003495281370150305
৫,0.0003495281370150305
ঘণ্টা,0.0003495281370150305
বন্ধ,0.0003495281370150305
রাখার,0.0003495281370150305
নির্দেশ,0.0003495281370150305
কল্পনার,0.0003495281370150305
মৃত্যুর,0.0003495281370150305
৩,0.0003495281370150305
বছর,0.0003495281370150305
শারীরিক,0.0003495281370150305
সম্পর্কের,0.0003495281370150305
হত্যা,0.0003495281370150305
ঋণ,0.0003495281370150305
জালিয়াতি,0.0003495281370150305
তানভীর,0.0003495281370150305
মাহমুদসহ,0.0003495281370150305
১৮,0.0003495281370150305
রায়,0.0003495281370150305
১৯,0.0003495281370150305
মার্চ,0.0003495281370150305
২০২৩,0.0003495281370150305
সালে,0.0003495281370150305
চীন,0.0003495281370150305
৪০,0.0003495281370150305
লাখ,0.0003495281370150305
হেক্টর,0.0003495281370150305
বনায়ন,0.0003495281370150305
রোজায়,0.0003495281370150305
শিফটের,0.0003495281370150305
স্কুলে,0.0003495281370150305
ক্লাসের,0.0003495281370150305
নির্দেশনা,0.0003495281370150305
নিখোঁজের,0.0003495281370150305
তিন,0.0003495281370150305
আ,0.0003495281370150305
লীগ,0.0003495281370150305
নেতার,0.0003495281370150305
ছেলের,0.0003495281370150305
লাশ,0.0003495281370150305
উদ্ধার,0.0003495281370150305
রমজানে,0.0003495281370150305
মসজিদের,0.0003495281370150305
ধ্বংসস্তুপে,0.0003495281370150305
নামাজ,0.0003495281370150305
আদায়,0.0003495281370150305
গাজাবাসী,0.0003495281370150305
নিউক্যাসলকে,0.0003495281370150305
হারিয়ে,0.0003495281370150305
ইউরোপের,0.0003495281370150305
আশা,0.0003495281370150305
টিকিয়ে,0.0003495281370150305
রাখলো,0.0003495281370150305
চেলসি,0.0003495281370150305
বাংলাদেশ,0.0003495281370150305
ভারতের,0.0003495281370150305
সাথে,0.0003495281370150305
সম্পর্ককে,0.0003495281370150305
গুরুত্ব,0.0003495281370150305
যুক্তরাষ্ট্র,0.0003495281370150305
মুখপাত্র,0.0003495281370150305
রোজায়,0.0003495281370150305
এতিম,0.0003495281370150305
আলেম,0.0003495281370150305
ওলামাদের,0.0003495281370150305
সাথে,0.0003495281370150305
বিএনপির,0.0003495281370150305
ইফতার,0.0003495281370150305
ব্যাংকগুলো,0.0003495281370150305
ডিসেম্বর,0.0003495281370150305
স্বেচ্ছায়,0.0003495281370150305
একীভূত,0.0003495281370150305
পারবে,0.0003495281370150305
মার্চে,0.0003495281370150305
সিদ্ধান্ত,0.0003495281370150305
কেন্দ্রীয়,0.0003495281370150305
ব্যাংকের,0.0003495281370150305
জামালপুর,0.0003495281370150305
জেনারেল,0.0003495281370150305
হাসপাতালে,0.0003495281370150305
রোগীর,0.0003495281370150305
মৃত্যু,0.0003495281370150305
চিকিৎসকের,0.0003495281370150305
ওপর,0.0003495281370150305
হামলা,0.0003495281370150305
মালয়েশিয়ায়,0.0003495281370150305
পুলিশের,0.0003495281370150305
সাথে,0.0003495281370150305
বন্দুকযুদ্ধে,0.0003495281370150305
বাংলাদেশীসহ,0.0003495281370150305
নিহত,0.0003495281370150305
৩,0.0003495281370150305
চট্টগ্রামে,0.0003495281370150305
এতিমদের,0.0003495281370150305
সম্মানে,0.0003495281370150305
মহানগরী,0.0003495281370150305
জামায়াতের,0.0003495281370150305
ইফতার,0.0003495281370150305
লেবুর,0.0003495281370150305
দাম,0.0003495281370150305
প্রশ্ন,0.0003495281370150305
বাণিজ্য,0.0003495281370150305
প্রতিমন্ত্রীরও,0.0003495281370150305
বিএনপি,0.0003495281370150305
জনগণের,0.0003495281370150305
ধর্মীয়,0.0003495281370150305
মূল্যবোধের,0.0003495281370150305
বিপক্ষে,0.0003495281370150305
দাঁড়িয়েছে,0.0003495281370150305
ওবায়দুল,0.0003495281370150305
কাদের,0.0003495281370150305
ধামরাইয়ে,0.0003495281370150305
অটোরিকশার,0.0003495281370150305
চাপায়,0.0003495281370150305
প্রাণ,0.0003495281370150305
৭,0.0003495281370150305
বছরের,0.0003495281370150305
শিশুর,0.0003495281370150305
দুনিয়ার,0.0003495281370150305
জেলখানা,0.0003495281370150305
মুমিনের,0.0003495281370150305
পাক,0.0003495281370150305
সাফ,0.0003495281370150305
হওয়ার,0.0003495281370150305
জায়গা,0.0003495281370150305
জামায়াত,0.0003495281370150305
আমির,0.0003495281370150305
অনুদান,0.0003495281370150305
পেতে,0.0003495281370150305
আইওএম’র,0.0003495281370150305
সাথে,0.0003495281370150305
সরকারের,0.0003495281370150305
চুক্তি,0.0003495281370150305
স্বাক্ষরিত,0.0003495281370150305
নিষেধাজ্ঞার,0.0003495281370150305
জবাবে,0.0003495281370150305
ঢাবিতে,0.0003495281370150305
প্রতিবাদী,0.0003495281370150305
গণ,0.0003495281370150305
ইফতার,0.0003495281370150305
মিয়ানমারের,0.0003495281370150305
সীমান্তরক্ষীদের,0.0003495281370150305
ফেরত,0.0003495281370150305
পাঠাতে,0.0003495281370150305
সরকার,0.0003495281370150305
পররাষ্ট্রমন্ত্রী,0.0003495281370150305
বঞ্চিত,0.0003495281370150305
মানুষের,0.0003495281370150305
অধিকার,0.0003495281370150305
আদায়ে,0.0003495281370150305
কল্যাণরাষ্ট্র,0.0003495281370150305
প্রতিষ্ঠার,0.0003495281370150305
বিকল্প,0.0003495281370150305
হেলাল,0.0003495281370150305
উদ্দিন,0.0003495281370150305
সিংগাইরে,0.0003495281370150305
কহেল,0.0003495281370150305
হত্যার,0.0003495281370150305
ঘটনায়,0.0003495281370150305
মামলা,0.0003495281370150305
ভাতিজা,0.0003495281370150305
গ্রেফতার,0.0003495281370150305
আসামে,0.0003495281370150305
সিএএ,0.0003495281370150305
প্রতিবাদের,0.0003495281370150305
ঝড়,0.0003495281370150305
মুখ্যমন্ত্রী,0.0003495281370150305
কুবিতে,0.0003495281370150305
মৌন,0.0003495281370150305
প্রতিবাদের,0.0003495281370150305
ক্লাস,0.0003495281370150305
বর্জনের,0.0003495281370150305
সিদ্ধান্ত,0.0003495281370150305
শিক্ষক,0.0003495281370150305
সমিতির,0.0003495281370150305
মদিনায়,0.0003495281370150305
তাহাফফুজে,0.0003495281370150305
খতমে,0.0003495281370150305
নবুওয়তের,0.0003495281370150305
আলোচনা,0.0003495281370150305
ইফতার,0.0003495281370150305
মাহফিল,0.0003495281370150305
ওমান,0.0003495281370150305
উপসাগরে,0.0003495281370150305
চীন,0.0003495281370150305
রাশিয়া,0.0003495281370150305
ইরানের,0.0003495281370150305
যৌথ,0.0003495281370150305
নৌ,0.0003495281370150305
মহড়া,0.0003495281370150305
বাংলাদেশকে,0.0003495281370150305
১৭৫০০,0.0003495281370150305
করোনা,0.0003495281370150305
শনাক্তকারী,0.0003495281370150305
কিট,0.0003495281370150305
দিয়েছে,0.0003495281370150305
জাপান,0.0003495281370150305
সকল,0.0003495281370150305
ধরনের,0.0003495281370150305
চাঁদাবাজির,0.0003495281370150305
বিরুদ্ধে,0.0003495281370150305
কঠোর,0.0003495281370150305
ব্যবস্থা,0.0003495281370150305
নেয়া,0.0003495281370150305
আইজিপি,0.0003495281370150305
দ্বৈত,0.0003495281370150305
কর,0.0003495281370150305
এড়াতে,0.0003495281370150305
বাংলাদেশ,0.0003495281370150305
নেদারল্যান্ডসের,0.0003495281370150305
চুক্তি,0.0003495281370150305
সই,0.0003495281370150305
দ্বৈত,0.0003495281370150305
কর,0.0003495281370150305
এড়াতে,0.0003495281370150305
বাংলাদেশ,0.0003495281370150305
নেদারল্যান্ডসের,0.0003495281370150305
চুক্তি,0.0003495281370150305
সই,0.0003495281370150305
ছিনতাই,0.0003495281370150305
হওয়া,0.0003495281370150305
বাংলাদেশী,0.0003495281370150305
জাহাজের,0.0003495281370150305
নাবিকদের,0.0003495281370150305
পরিচয়,0.0003495281370150305
মিলেছে,0.0003495281370150305
নোয়াখালীতে,0.0003495281370150305
স্বামীর,0.0003495281370150305
পরিবারের,0.0003495281370150305
নির্যাতনে,0.0003495281370150305
গৃহবধুর,0.0003495281370150305
মৃত্যুর,0.0003495281370150305
অভিযোগ,0.0003495281370150305
ইচ্ছাকৃত,0.0003495281370150305
খেলাপিদের,0.0003495281370150305
বিদেশ,0.0003495281370150305
ভ্রমণে,0.0003495281370150305
নিষেধাজ্ঞা,0.0003495281370150305
পাবেন,0.0003495281370150305
সম্মাননা,0.0003495281370150305
ইসরাইলি,0.0003495281370150305
বাহিনীকে,0.0003495281370150305
হামাসের,0.0003495281370150305
অতর্কিত,0.0003495281370150305
হামলা,0.0003495281370150305
জিম্মিদের,0.0003495281370150305
ওপর,0.0003495281370150305
যৌন,0.0003495281370150305
সহিংসতায়,0.0003495281370150305
ইসরাইলের,0.0003495281370150305
হামলা,0.0003495281370150305
বৈধতা,0.0003495281370150305
দেয়,0.0003495281370150305
জাতিসঙ্ঘ,0.0003495281370150305
দূত,0.0003495281370150305
মাহমুদউল্লাহকে,0.0003495281370150305
পেয়ে,0.0003495281370150305
খুশি,0.0003495281370150305
শান্ত,0.0003495281370150305
মিস,0.0003495281370150305
সাকিবকে,0.0003495281370150305
ইউএসআইটিসির,0.0003495281370150305
শুনানিতে,0.0003495281370150305
তৈরি,0.0003495281370150305
পোশাক,0.0003495281370150305
শিল্পের,0.0003495281370150305
অগ্রগতির,0.0003495281370150305
কথা,0.0003495281370150305
ধরেন,0.0003495281370150305
বিজিএমইএ,0.0003495281370150305
সভাপতি,0.0003495281370150305
ভান্ডারিয়ায়,0.0003495281370150305
৬০,0.0003495281370150305
পরিবারে,0.0003495281370150305
মিরাজুল,0.0003495281370150305
ইসলামের,0.0003495281370150305
ইফতার,0.0003495281370150305
সামগ্রী,0.0003495281370150305
উপহার,0.0003495281370150305
ত্রাণের,0.0003495281370150305
সারিতে,0.0003495281370150305
ইসরাইলি,0.0003495281370150305
হামলায়,0.0003495281370150305
নিহত,0.0003495281370150305
হয়েছে,0.0003495281370150305
৪০০,0.0003495281370150305
ফিলিস্তিনি,0.0003495281370150305
এএফসি,0.0003495281370150305
চ্যাম্পিয়ন্স,0.0003495281370150305
লিগ,0.0003495281370150305
বিদায়,0.0003495281370150305
আল,0.0003495281370150305
নাসেরের,0.0003495281370150305
রোনালদোর,0.0003495281370150305
শেষ,0.0003495281370150305
মুহূর্তের,0.0003495281370150305
গোল,0.0003495281370150305
গ্রাহকরা,0.0003495281370150305
কীভাবে,0.0003495281370150305
বুঝবেন,0.0003495281370150305
ব্যাংকের,0.0003495281370150305
আর্থিক,0.0003495281370150305
অবস্থা,0.0003495281370150305
কেমন,0.0003495281370150305
বাংলাদেশের,0.0003495281370150305
সাথে,0.0003495281370150305
জাপানের,0.0003495281370150305
সুসম্পর্ক,0.0003495281370150305
আরো,0.0003495281370150305
গভীর,0.0003495281370150305
রেলমন্ত্রী,0.0003495281370150305
ইফতারের,0.0003495281370150305
ওপর,0.0003495281370150305
নিষেধাজ্ঞার,0.0003495281370150305
প্রতিবাদে,0.0003495281370150305
রাবিতে,0.0003495281370150305
গণ,0.0003495281370150305
ইফতারের,0.0003495281370150305
ডাক,0.0003495281370150305
নিষেধাজ্ঞার,0.0003495281370150305
প্রতিবাদে,0.0003495281370150305
বিশ্ববিদ্যালয়ে,0.0003495281370150305
গণ,0.0003495281370150305
ইফতার,0.0003495281370150305
সিংগাইরে,0.0003495281370150305
সকালে,0.0003495281370150305
থানায়,0.0003495281370150305
জিডি,0.0003495281370150305
সন্ধ্যায়,0.0003495281370150305
লাশ,0.0003495281370150305
উদ্ধার,0.0003495281370150305
সুপ্রিম,0.0003495281370150305
কোর্টের,0.0003495281370150305
ধমক,0.0003495281370150305
খেয়ে,0.0003495281370150305
নির্বাচনী,0.0003495281370150305
বন্ডের,0.0003495281370150305
তথ্য,0.0003495281370150305
জমা,0.0003495281370150305
দিল,0.0003495281370150305
ভারতের,0.0003495281370150305
বৃহত্তম,0.0003495281370150305
ব্যাঙ্ক,0.0003495281370150305
পরকীয়ার,0.0003495281370150305
জেরে,0.0003495281370150305
নারীকে,0.0003495281370150305
হত্যা,0.0003495281370150305
মা,0.0003495281370150305
মেয়ে,0.0003495281370150305
গ্রেফতার,0.0003495281370150305
মুসলিম,0.0003495281370150305
পরিচয়,0.0003495281370150305
কাইড়া,0.0003495281370150305
চায়,0.0003495281370150305
এডিপির,0.0003495281370150305
আকার,0.0003495281370150305
কমল,0.0003495281370150305
১৮,0.0003495281370150305
টাকা,0.0003495281370150305
শ্রেণিকক্ষ,0.0003495281370150305
দখল,0.0003495281370150305
ভিসির,0.0003495281370150305
কার্যালয়,0.0003495281370150305
অবরোধ,0.0003495281370150305
ইবি,0.0003495281370150305
শিক্ষার্থীদের,0.0003495281370150305
সিংগাইরে,0.0003495281370150305
কুরআন,0.0003495281370150305
পোড়ানোর,0.0003495281370150305
প্রতিবাদে,0.0003495281370150305
বিক্ষোভ,0.0003495281370150305
মিছিল,0.0003495281370150305
সমাবেশ,0.0003495281370150305
হিজাব,0.0003495281370150305
কটাক্ষকারী,0.0003495281370150305
শিক্ষককে,0.0003495281370150305
৫,0.0003495281370150305
বছরের,0.0003495281370150305
অব্যাহতি,0.0003495281370150305
আন্দোলনে,0.0003495281370150305
নেসকোর,0.0003495281370150305
১২,0.0003495281370150305
শ,0.0003495281370150305
শ্রমিক,0.0003495281370150305
কর্মচারী,0.0003495281370150305
দুর্ভোগে,0.0003495281370150305
গ্রাহক,0.0003495281370150305
ভারতে,0.0003495281370150305
সংশোধিত,0.0003495281370150305
নাগরিকত্ব,0.0003495281370150305
আইন,0.0003495281370150305
কার্যকর,0.0003495281370150305
প্রতিবাদে,0.0003495281370150305
আসামে,0.0003495281370150305
বিক্ষোভ,0.0003495281370150305
বেইলি,0.0003495281370150305
রোড,0.0003495281370150305
ট্র্যাজেডি,0.0003495281370150305
১১,0.0003495281370150305
নাজমুলের,0.0003495281370150305
লাশ,0.0003495281370150305
হস্তান্তর,0.0003495281370150305
যুক্তরাষ্ট্রে,0.0003495281370150305
স্মার্টফোন,0.0003495281370150305
ছাড়াই,0.0003495281370150305
স্বস্তিবোধ,0.0003495281370150305
বেশিভাগ,0.0003495281370150305
কিশোর,0.0003495281370150305
কিশোরী,0.0003495281370150305
মাঠে,0.0003495281370150305
নামার,0.0003495281370150305
২২,0.0003495281370150305
ঘণ্টা,0.0003495281370150305
স্কোয়াড,0.0003495281370150305
ঘোষণা,0.0003495281370150305
শ্রীলঙ্কার,0.0003495281370150305
নয়া,0.0003495281370150305
দিগন্তের,0.0003495281370150305
আদমদীঘি,0.0003495281370150305
সংবাদদাতা,0.0003495281370150305
সামছুল,0.0003495281370150305
আলমের,0.0003495281370150305
ইন্তেকাল,0.0003495281370150305
নৌপথে,0.0003495281370150305
চালান,0.0003495281370150305
আসছে,0.0003495281370150305
গাজায়,0.0003495281370150305
চুয়াডাঙ্গায়,0.0003495281370150305
মোটরসাইকেল,0.0003495281370150305
পড়ে,0.0003495281370150305
যুবক,0.0003495281370150305
নিহত,0.0003495281370150305
রমজানে,0.0003495281370150305
১,0.0003495281370150305
টাকা,0.0003495281370150305
লাভে,0.0003495281370150305
চাউল,0.0003495281370150305
বিক্রি,0.0003495281370150305
সাইফুল,0.0003495281370150305
মাহে,0.0003495281370150305
রমজানকে,0.0003495281370150305
স্বাগত,0.0003495281370150305
জানিয়ে,0.0003495281370150305
ঢাকা,0.0003495281370150305
মহানগর,0.0003495281370150305
পশ্চিম,0.0003495281370150305
শিবিরের,0.0003495281370150305
র‍্যালি,0.0003495281370150305
অস্ত্র,0.0003495281370150305
আমদানি,0.0003495281370150305
ভারত,0.0003495281370150305
১,0.0003495281370150305
সৌদি,0.0003495281370150305
২,0.0003495281370150305
কাতার,0.0003495281370150305
৩,0.0003495281370150305
সময়ে,0.0003495281370150305
সরকারি,0.0003495281370150305
অফিস,0.0003495281370150305
ব্যাংক,0.0003495281370150305
আদালত,0.0003495281370150305
উত্তরায়,0.0003495281370150305
কাঁচাবাজারে,0.0003495281370150305
ভয়াবহ,0.0003495281370150305
আগুন,0.0003495281370150305
নিয়ন্ত্রণে,0.0003495281370150305
বান্দরবানে,0.0003495281370150305
আশ্রয়,0.0003495281370150305
বিজিপির,0.0003495281370150305
১৭৫,0.0003495281370150305
রাখাইনে,0.0003495281370150305
আরাকান,0.0003495281370150305
আর্মির,0.0003495281370150305
হামলায়,0.0003495281370150305
জান্তার,0.0003495281370150305
কর্নেল,0.0003495281370150305
নিহত,0.0003495281370150305
প্রবাসী,0.0003495281370150305
তিব্বত,0.0003495281370150305
সরকারের,0.0003495281370150305
জাতীয়,0.0003495281370150305
অভ্যুত্থান,0.0003495281370150305
দিবস,0.0003495281370150305
উদযাপিত,0.0003495281370150305
নিহতের,0.0003495281370150305
সংখ্যা,0.0003495281370150305
বেড়ে,0.0003495281370150305
৩১,0.0003495281370150305
১১২,0.0003495281370150305
জনে,0.0003495281370150305
দাঁড়িয়েছে,0.0003495281370150305
ক্ষুধা,0.0003495281370150305
অবরোধ,0.0003495281370150305
হামলার,0.0003495281370150305
রমজানকে,0.0003495281370150305
বরণ,0.0003495281370150305
গাজাবাসীর,0.0003495281370150305
পরিবহন,0.0003495281370150305
যোগাযোগে,0.0003495281370150305
২.৯১,0.0003495281370150305
শতাংশ,0.0003495281370150305
কমিয়েও,0.0003495281370150305
সর্বোচ্চ,0.0003495281370150305
বরাদ্দ,0.0003495281370150305
মেডিক্যাল,0.0003495281370150305
ছাত্রকে,0.0003495281370150305
সিরাজগঞ্জে,0.0003495281370150305
শিক্ষক,0.0003495281370150305
রায়হান,0.0003495281370150305
শরীফের,0.0003495281370150305
৫,0.0003495281370150305
দিনের,0.0003495281370150305
রিমান্ড,0.0003495281370150305
মঞ্জুর,0.0003495281370150305
পিরোজপুরে,0.0003495281370150305
নৌকার,0.0003495281370150305
করায়,0.0003495281370150305
পিটিয়ে,0.0003495281370150305
আহত,0.0003495281370150305
দশমিনায়,0.0003495281370150305
ডোবায়,0.0003495281370150305
বিরল,0.0003495281370150305
প্রজাতির,0.0003495281370150305
মাছ,0.0003495281370150305
ছুটি,0.0003495281370150305
শিক্ষকরা,0.0003495281370150305
বিদেশে,0.0003495281370150305
ক্ষতিগ্রস্ত,0.0003495281370150305
শিক্ষার্থীরা,0.0003495281370150305
ভ্যানের,0.0003489348978749227
উত্তাল,0.0003489348978749219
কাভার্ড,0.0003469856239359058
আসাম,0.00034698562393590496
সরাইলে,0.00034503406325986835
ইফতার,0.00034503406325986754
তদারকি,0.00034308018820501565
মাহফিলে,0.00034308018820501483
বাজার,0.0003411239707174882
নিষেধাজ্ঞার,0.00034112397071748744
নিয়ন্ত্রণে,0.000339165382322141
প্রতিবাদে,0.00033916538232214025
দাম,0.0003372043941130476
বিশ্ববিদ্যালয়ে,0.0003372043941130469
নিত্যপণ্যের,0.00033524097674371894
গণ,0.00033524097674371824
চুয়াডাঙ্গায়,0.0003332751004170263
ইফতার,0.00033327510041702556
নির্দেশ,0.0003313067348748167
অসহায়,0.00033130673487481607
পর্যায়ে,0.0003293358493872102
মানুষের,0.00032933584938720943
মাঠ,0.0003273624127415652
মাঝে,0.00032736241274156444
প্রতিরোধে,0.0003253863932311008
ইফতার,0.00032538639323110007
ঊর্ধ্বগতি,0.0003234077586431613
বিতরণ,0.00032340775864316066
দ্রব্যমূল্যের,0.0003214264762471103
কার্যক্রম,0.0003214264762471096
সেবা,0.0003194425127818379
পুনাক,0.00031944251278183725
নাগরিক,0.00031745583444286785
মাসব্যাপী,0.0003174558344428672
ভবনে,0.0003154664068690471
গণ,0.0003154664068690465
ঝুঁঁকিপূর্ণ,0.0003134741951288014
ইফতারের,0.00031347419512880076
তারাকান্দায়,0.00031147916370593914
উদ্বোধন,0.00031147916370593854
জমি,0.00030948127648498553
এবি,0.00030948127648498493
পতিত,0.00030748049673602677
পার্টির,0.00030748049673602623
হেক্টর,0.00030547678709904534
রমজানের,0.00030547678709904474
৩,0.0003034701095677229
দিনে,0.0003034701095677224
আসবে,0.00030146042547269124
সংঘর্ষে,0.0003014604254726907
আওতায়,0.0002994476954642045
জড়ালো,0.000299447695464204
চাষাবাদের,0.00029743187949421136
বাকৃবি,0.0002974318794942109
কৃষক,0.0002954129367977982
ছাত্রলীগ,0.0002954129367977977
২২১,0.0002933908258739781
গণইফতার,0.0002933908258739775
খুশি,0.00029136550446579544
শাবিতে,0.0002913655044657949
পেয়ে,0.00028933692953971783
প্রতিবাদ,0.0002893369295397173
সেচ,0.0002873050572642805
জালেমের,0.00028730505726428
মূল্যে,0.0002852698429879533
জুলুম,0.00028526984298795277
সাশ্রয়ী,0.0002832312412161923
টিকে,0.0002832312412161918
টুইঙ্কেল,0.0002811892055876403
থাকতে,0.00028118920558763973
স্ত্রী,0.0002791436888494363
মির্জা,0.00027914368884943564
ব্যাঙ্গ,0.00027709464283159343
আব্বাস,0.0002770946428315929
অক্ষয়কে,0.0002750420184204017
হাবিপ্রবিতে,0.00027504201842040114
গ্রেপ্তার,0.00027298576553080845
শিক্ষার্থীদের,0.0002729857655308079
বিয়ে,0.00027092583307773005
ব্যানারে,0.0002709258330777295
ইভা,0.000268862168946242
গণইফতার,0.00026886216894624147
গাইলেন,0.0002667947199605942
গাইবান্ধায়,0.00026679471996059363
বঙ্গবন্ধুকে,0.0002647234318519943
গ্রাম,0.00026472343185199375
শাহরুখ,0.0002626482492250981
পুলিশদের,0.0002626482492250975
হলেন,0.0002605691155231441
পাঁচ,0.0002605691155231435
অভিনেতা,0.00025848597299166367
দিনব্যাপী,0.00025848597299166307
সেরা,0.0002563987626406966
প্রশিক্ষণ,0.00025639876264069606
যারা-,0.00025430742420543483
ভারতের,0.0002543074242054343
পেলেন,0.00025221189610521587
অনুমোদন,0.00025221189610521533
অস্কার,0.00025011211540077984
পেয়েছি,0.00025011211540077935
৯৬তম,0.0002480080177497007
দাম,0.00024800801774970023
নাবিলা,0.00024589953735989676
নির্ধারণ,0.00024589953735989627
মিমি,0.00024378660694111863
পেয়াজ,0.0002437866069411181
হচ্ছেন,0.00024166915765430781
পেয়ে,0.00024166915765430727
নায়িকা,0.00023954711905871273
যাবো,0.0002395471190587122
শাকিবের,0.00023742041905664053
প্রতিমন্ত্রী,0.00023742041905664002
