id,title,T4_title_weight,T4_rank,T4_S_scale,T4_S_score
20170270,"

লেবুর হালি ও শসার কেজি শতক ছুঁয়েছে : মাছ-গোশতে আগুন
	চাহিদা মতো সাহরি ও ইফতারসামগ্রী কিনতে পারছেন না অনেকেই
",0.00489339391821,1.0,1.0,100.0
20170192,"

 ওয়ালটনের ‘ননস্টপ মিলিয়নিয়ার’ ক্যাম্পেইনে ফ্রিজ কিনে ১০ লাখ টাকা পেলেন সিলেটের গৃহিণী লাকি বেগম
",0.0047960776773002,2.0,0.9785829411351568,97.85829411351568
20173047,"
	নিহতের সংখ্যা বেড়ে ৩১,১১২ জনে দাঁড়িয়েছে 
ক্ষুধা, অবরোধ ও হামলার মধ্যেই রমজানকে বরণ গাজাবাসীর
",0.0045438657811949995,3.0,0.9230769230769231,92.3076923076923
20044697,"ড. ইউনূসকে হয়রানিতে আইনের অপব্যবহার হতে পারে, ভারতীয় পণ্য বর্জনের বিষয়ে আমরা অবহিত: ম্যাথিউ মিলার",0.0043826730165501,4.0,0.8876021154116078,88.76021154116079
20170615,"

রমজান মাসে বিএনপি যতই কর্মসূচি পালন করবে ততই জনবিচ্ছিন্ন হয়ে পড়বে : ওবায়দুল কাদের
",0.0041943376441799995,5.0,0.846153846153846,84.6153846153846
20171578,"

সুপ্রিম কোর্টের ধমক খেয়ে নির্বাচনী বন্ডের তথ্য জমা দিল ভারতের বৃহত্তম ব্যাঙ্ক
",0.0040991169313704,6.0,0.8251979646655163,82.51979646655163
20222864,"

মিরসরাইয়ে ৫০০ একর পতিত জমিতে তরমুজ চাষ
২০ কোটি টাকার উৎপাদনের আশা
",0.003935926031129299,7.0,0.7892834134662987,78.92834134662988
20173037,"

বান্দরবানে ফের আশ্রয় বিজিপির ১৭৫ জনের 	
রাখাইনে আরাকান আর্মির হামলায় জান্তার কর্নেল নিহত
",0.003844809507165,8.0,0.7692307692307692,76.92307692307692
20170644,"
	বাম জোটের সমাবেশে নেতারা 
জনগণের মিছিল না ঠেকিয়ে দুর্নীতিবাজদের বিরুদ্ধে অভিযান চালান
",0.003844809507165,8.0,0.7692307692307692,76.92307692307692
20170218,"

রমজানে স্কুল খোলা থাকা নিয়ে আপিল বিভাগে শুনানি আজ 
আদেশ স্থগিত করেনি চেম্বার আদালত
",0.003844809507165,8.0,0.7692307692307692,76.92307692307692
20170499,"
	আপিল বিভাগের আদেশ 
গ্রামীণ কল্যাণের কাছে ৬০০ কোটি টাকা দাবির রিট নিষ্পত্তির নির্দেশ
",0.0038265881050247997,11.0,0.7652206591136064,76.52206591136064
20044732,চোরাই মোবাইল বিক্রির টাকা নিয়ে দ্বন্দ্বে কবি নজরুলের ছাত্র পিয়াস খুন,0.0034952816488454004,12.0,0.6923077536421185,69.23077536421185
20171528,"

জিম্মিদের ওপর যৌন সহিংসতায় ইসরাইলের হামলা বৈধতা দেয় না : জাতিসঙ্ঘ দূত
",0.00349528137015,13.0,0.6923076923076923,69.23076923076923
20051618,হরিয়ানায় হট্টগোল: লোকসভা নির্বাচনের মুখে ইস্তফা দিলেন মুখ্যমন্ত্রী মনোহর লাল খট্টর,0.00349528137015,13.0,0.6923076923076923,69.23076923076923
20170340,"
  	শ্রমিকদের কর্মঘণ্টা কমানোর দাবি 
ন্যায় ও ইনসাফভিত্তিক সমাজ প্রতিষ্ঠা করতে হবে -শামসুল ইসলাম
",0.00349528137015,13.0,0.6923076923076923,69.23076923076923
20170550,"
	বিএডিসি উইমেনস অ্যাসোসিয়েশনে বক্তারা 
নারীরা উচ্চ আসনে অধিষ্ঠিত হতে নানা বাধার শিকার
",0.00349528137015,13.0,0.6923076923076923,69.23076923076923
20173061,"
	মেডিক্যাল ছাত্রকে গুলি 
সিরাজগঞ্জে শিক্ষক রায়হান শরীফের ৫ দিনের রিমান্ড মঞ্জুর
",0.00349528137015,13.0,0.6923076923076923,69.23076923076923
20170391,"

পটিয়া মাদরাসায় মুহতামিম নিয়োগ সম্পূর্ণ অবৈধ
আঞ্জুমনে ইত্তেহাদুল মাদারিস বাংলাদেশ
",0.00349528137015,13.0,0.6923076923076923,69.23076923076923
20171533,"

ইউএসআইটিসির শুনানিতে তৈরি পোশাক শিল্পের অগ্রগতির কথা তুলে ধরেন বিজিএমইএ সভাপতি
",0.00349528137015,13.0,0.6923076923076923,69.23076923076923
20170167,"

শিক্ষার আলো থেকে বঞ্চিত কোমলমতি শিশুরা
	রাঙ্গাবালীর বিচ্ছিন্ন চর কাশেমের জীবনচিত্র
",0.00349528137015,13.0,0.6923076923076923,69.23076923076923
20051616,"পৃথিবীর প্রথম ত্রিমাত্রিক ছবি তুলে পাঠাল ইসরোর INSAT-3DS, ঠিক যেন লাল-নীল-সবুজের মেলা",0.00349528137015,13.0,0.6923076923076923,69.23076923076923
20051881,"প্রেমিকার সঙ্গে বাগদানের সময় মৃত্যুর কোলে ঢলে পড়লেন যুবক, অতঃপর...",0.00349528137015,13.0,0.6923076923076923,69.23076923076923
20171545,"
এএফসি চ্যাম্পিয়ন্স লিগ থেকে বিদায় আল নাসেরের 
কাজে এল না রোনালদোর শেষ মুহূর্তের গোল
",0.00349528137015,13.0,0.6923076923076923,69.23076923076923
20170364,"

প্রবাসী কর্মীদের মেধাবী সন্তানদের হাতে শিক্ষাবৃত্তি ও প্রতিবন্ধী ভাতার চেক বিতরণ 
",0.0034691609917781,24.0,0.686559199805999,68.6559199805999
20170562,"
	বিভিন্ন স্থানে সাহরি-ইফতারির প্যাকেট বিতরণ 
জামায়াতের আমির ডা: শফিকের মুক্তিলাভ
",0.0034691609917781,24.0,0.686559199805999,68.6559199805999
20044691,"মামলায় সাক্ষ্য দেয়ায় মারধর করে চাঁদা দাবি, পুলিশের সহায়তায় উদ্ধার",0.0032650411845685,26.0,0.6416371406962518,64.16371406962517
20223805,"ভারত মহাসাগরে জলদস্যুর কবলে বাংলাদেশি জাহাজ, জিম্মি ২৩ নাবিক",0.0031817957456927,27.0,0.623316740648276,62.3316740648276
20044728,"খুলনায় ধর্ষণ মামলার আসামি চেয়ারম্যান প্রকাশ্যে, হুমকির মুখে বাদী",0.0031458925970724,28.0,0.6154152861711464,61.541528617114636
20173121,"

রাবি ছাত্রীকে নেকাব খুলতে বাধ্য করায় শিক্ষকের শাস্তি দাবি 
",0.0031458269006346003,29.0,0.6154008279012582,61.540082790125815
20170507,"

কনস্যুলার সার্ভিসের জন্য প্রয়োজনীয় জনবল দেয়া সম্ভব না - দূতাবাস সম্পর্কে পররাষ্ট্রমন্ত্রী
",0.003145753233135,30.0,0.6153846153846154,61.53846153846154
20171299,"

ব্যাংকগুলো ডিসেম্বর পর্যন্ত স্বেচ্ছায় একীভূত হতে পারবে, মার্চে সিদ্ধান্ত কেন্দ্রীয় ব্যাংকের
",0.003145753233135,30.0,0.6153846153846154,61.53846153846154
20173006,"

মাহে রমজানকে স্বাগত জানিয়ে ঢাকা মহানগর পশ্চিম শিবিরের র‍্যালি
",0.003145753233135,30.0,0.6153846153846154,61.53846153846154
20170531,"
 রাজপথে মৃত্যুর হানা 
সিংড়ায় ২ সহোদরসহ বিভিন্ন স্থানে নিহত ৭
",0.003145753233135,30.0,0.6153846153846154,61.53846153846154
20051322,সর্বোচ্চ বিচারঙ্গনের আইনজীবীদের মর্যাদা ধুলোয় মিশিয়ে দিয়েছে সরকার: রিজভী,0.003145753233135,30.0,0.6153846153846154,61.53846153846154
20051909,"পুরনো ইস্যু উস্কে দেওয়ায় মেজাজ হারালেন আমির, জড়ালেন তর্কে",0.003145753233135,30.0,0.6153846153846154,61.53846153846154
20170785,"

মোটরসাইকেল নিয়ন্ত্রণ হারিয়ে বৈদ্যুতিক খুঁটির সাথে ধাক্কা, নিহত ২
",0.003145753233135,30.0,0.6153846153846154,61.53846153846154
20170628,"
	ফার্স্ট লেডি আসিফা ভুট্টো 
পাকিস্তানে শপথ নিলেন ১৯ মন্ত্রী
",0.003145753233135,30.0,0.6153846153846154,61.53846153846154
20170592,"

সুপ্রিম কোর্ট বার নির্বাচনে মারামারি, তিন সহকারী অ্যাটর্নি জেনারেলকে অব্যাহতি
",0.003145753233135,30.0,0.6153846153846154,61.53846153846154
20170985,"

পাকিস্তানের একটি দোকানে পার্সোনাল কম্পিউটারের প্রথম ভাইরাস ব্রেইনের জন্ম হয়েছিল যেভাবে
",0.003145753233135,30.0,0.6153846153846154,61.53846153846154
20171372,"

দুনিয়ার জেলখানা মুমিনের পাক সাফ হওয়ার জায়গা : জামায়াত আমির
",0.003145753233135,30.0,0.6153846153846154,61.53846153846154
20170714,"

জিনজিয়াং সফরে সর্বোচ্চ সতর্কতামূলক পরামর্শ জারির আহ্বান মার্কিন প্যানেলের
",0.003145753233135,30.0,0.6153846153846154,61.53846153846154
20170539,"

মানহীন মেশিনে অচল এআইএসের আধুনিক প্রেস
	কোটি কোটি টাকা লোপাটের অভিযোগ
",0.003145753233135,30.0,0.6153846153846154,61.53846153846154
20170236,"

মসিক নির্বাচনে সাধারণ কাউন্সিলর ৯ জন ও সংরক্ষিত মহিলা কাউন্সিলর ৮ নতুন মুখ
",0.003145753233135,30.0,0.6153846153846154,61.53846153846154
20168527,"
	দ্য ইকোনমিস্টের  রিপোর্ট 
নিষেধাজ্ঞা সত্ত্বেও শক্ত অবস্থানে রাশিয়ার অর্থনীতি
",0.003145753233135,30.0,0.6153846153846154,61.53846153846154
20170433,"

মোবাইল কোর্ট বসিয়ে সাংবাদিককে কারাদণ্ড, সম্পাদক পরিষদের নিন্দা-উদ্বেগ
",0.003145753233135,30.0,0.6153846153846154,61.53846153846154
20170230,"

৪৫তম মৃত্যুবার্ষিকী আজ যাদু মিয়াকে জাতি চিরদিন স্মরণ করবে : বাংলাদেশ ন্যাপ
",0.003145753233135,30.0,0.6153846153846154,61.53846153846154
20170243,"
	চট্টগ্রামে আমীর খসরু 
৭ জানুয়ারির নির্বাচন অনেকটা মিলিটারি ক্যুর মতো
",0.003145753233135,30.0,0.6153846153846154,61.53846153846154
20171411,"

বঞ্চিত মানুষের অধিকার আদায়ে কল্যাণরাষ্ট্র প্রতিষ্ঠার বিকল্প নেই : হেলাল উদ্দিন
",0.0031255609455072,48.0,0.6109407588536047,61.09407588536047
20170583,"

 জামিনে মুক্তি পাওয়া বিএনপির নেতাকর্মীরা খাঁচায় পোষা মুরগির মতো :  আব্বাস
",0.0030733197389515,49.0,0.5994436748569991,59.944367485699914
20170764,"

মার্ভ প্রযুক্তি-নির্ভর অগ্নি-৫ মিসাইলের সফল পরীক্ষা ভারতের
",0.0030505325203254,50.0,0.5944287338962855,59.442873389628545
20223798,সমাজসেবা মানুষের মাঝে বেঁচে থাকার মাধ্যম: দীপু মনি,0.0029858315010835995,51.0,0.580189532661608,58.0189532661608
20223789,"ভারতীয় সেনাদের আত্মত্যাগকে স্যালুট, সত্যিকারের প্রয়োজনে তারা আমাদের পাশে ছিল: স্বরাষ্ট্রমন্ত্রী",0.0029719799749251003,52.0,0.5771411314047257,57.71411314047257
20044702,ডামি সরকারের পতন না হওয়া পর্যন্ত জনতার সংগ্রাম চলবে: মুক্তাদির,0.0029189035132192,53.0,0.56546022702468,56.546022702468
20223803,রমজান মাসে সিএনজি স্টেশন বন্ধের নতুন সময় সূচি ঘোষণা,0.0028873608780330996,54.0,0.5585184209271847,55.85184209271847
20223813,সিডনি থেকে অকল্যান্ড যাওয়ার পথে মাঝ আকাশে বিমানে বড় বিপত্তি,0.0028804488752581002,55.0,0.5569972486241634,55.699724862416346
20044690,রাবিতে হিজাব নিয়ে শিক্ষকের কটাক্ষ শাস্তির দাবিতে দু’দিনের আলটিমেটাম,0.0028487144623919,56.0,0.5500132366849169,55.001323668491686
20044713,সিরাজগঞ্জে ৫০ লাখ টাকার হেরোইনসহ বাবা ও ছেলে আটক,0.0028086139983078,57.0,0.5411880499353308,54.118804993533075
20044717,স্থানীয় সরকার নির্বাচনে টার্ন-আউট ঈর্ষণীয়: ওবায়দুল কাদের,0.0028015982668039,58.0,0.5396440493328185,53.96440493328185
20173628,"

লক্ষ্মীপুরে এক যুগ পর ৫ ইউপিতে নির্বাচনের তফসিল ঘোষণা
",0.0027984561690442,59.0,0.5389525461258566,53.89525461258566
20044730,কলম উপহারের নামে ভয়ঙ্কর মাইন্ড কন্ট্রোল ড্রাগের প্রয়োগ,0.0027962494773989995,60.0,0.5384669042184014,53.84669042184014
20173112,"

সিটি করপোরেশনগুলোর আইনি অসঙ্গতি দূর করা হবে : স্থানীয় সরকার মন্ত্রী
",0.0027962394371911,61.0,0.5384646946003397,53.84646946003397
20051828,"১০-১৫ দিন স্কুল বন্ধ রাখলে কী এমন ক্ষতি হবে, প্রশ্ন আদালতের",0.00279622509612,62.0,0.5384615384615385,53.846153846153854
20171033,"

মানবাধিকার ও আইনের শাসন বজায় রাখতে বাংলাদেশ প্রতিশ্রুতিবদ্ধ : স্পিকার
",0.00279622509612,62.0,0.5384615384615385,53.846153846153854
20170991,"

সোনারগাঁয়ে কোল্ড স্টোরেজ থেকে মেয়াদোত্তীর্ণ ১৪ টন খেজুর জব্দ
",0.00279622509612,62.0,0.5384615384615385,53.846153846153854
20171065,"

১২ শ’ কোটি টাকা ব্যয়ে প্রশস্ত হচ্ছে মেরিন ড্রাইভ সড়ক
",0.00279622509612,62.0,0.5384615384615385,53.846153846153854
20170250,"

গুম ও হত্যার শিকার নেতাকর্মীর পরিবারের পাশে মহানগর উত্তর বিএনপি
",0.00279622509612,62.0,0.5384615384615385,53.846153846153854
20051625,"সোমালিয়ার দস্যুদের কবলে বাংলাদেশি জাহাজ, ২৩ নাবিক জিম্মি",0.00279622509612,62.0,0.5384615384615385,53.846153846153854
20171208,"

কাঁচপুরে মজুদকৃত ৪৯ লাখ টাকার মেয়াদোত্তীর্ণ খেজুর জব্দ
",0.00279622509612,62.0,0.5384615384615385,53.846153846153854
20171215,"

গাজীপুরে আসামি গ্রেফতারে সহযোগিতা করায় কাটা গেল যুবকের কব্জি
",0.00279622509612,62.0,0.5384615384615385,53.846153846153854
20051325,ঈদ উপলক্ষে দারাজ নিয়ে এলো গ্র্যান্ড ঈদ ফেস্টিভ্যাল ২০২৪,0.00279622509612,62.0,0.5384615384615385,53.846153846153854
20170253,"

ইসলামী আন্দোলনের অগ্রযাত্রায় শাহাদত প্রেরণার উৎস : অধ্যাপক মুজিব
",0.00279622509612,62.0,0.5384615384615385,53.846153846153854
20051320,‘এক ম্যাচ খরাপ খেললে আমরা খারাপ দল হয়ে যাই’!,0.00279622509612,62.0,0.5384615384615385,53.846153846153854
20051879,আত্মাহুতি দেওয়া সেই মার্কিন সেনার নামে সড়ক নামকরণ করল ফিলিস্তিন,0.00279622509612,62.0,0.5384615384615385,53.846153846153854
20051891,কেট মিডলটনের আংটি ছাড়া ছবি ঘিরে ব্রিটেনে তোলপাড়,0.00279622509612,62.0,0.5384615384615385,53.846153846153854
20170942,"

বাংলাদেশে আশ্রয় নেয়া বিজিপি সদস্যদের সংখ্যা বেড়ে ১৭৯
",0.00279622509612,62.0,0.5384615384615385,53.846153846153854
20170208,"

প্রাথমিকে প্রতিবন্ধী কোটায় ১১৭ জনকে নিয়োগ প্রশ্নে হাইকোর্টের রুল 
",0.00279622509612,62.0,0.5384615384615385,53.846153846153854
20168478,"

ইন্দোনেশিয়ায় মাঝ আকাশে ঘুমিয়ে পড়া ২ পাইলট বরখাস্ত
",0.00279622509612,62.0,0.5384615384615385,53.846153846153854
20170154,"

নারী দিবস উপলক্ষে মহিলা বিজ্ঞানী সমিতির আলোচনা সভা
",0.00279622509612,62.0,0.5384615384615385,53.846153846153854
20170163,"

 বাংলা ভিশনে পুষ্টি পবিত্র কুরআনের আলো- সিজন-১৬ 
",0.00279622509612,62.0,0.5384615384615385,53.846153846153854
20051936,"রোজায় স্কুল খোলা নাকি বন্ধ, আদালতের দিকে তাকিয়ে অভিভাবক-শিক্ষকরা",0.00279622509612,62.0,0.5384615384615385,53.846153846153854
20170204,"

পতনের পথেই হাঁটছে পুঁজিবাজার
	বাজারমূলধনে আরো ১৪২১ কোটি টাকা নেই
",0.00279622509612,62.0,0.5384615384615385,53.846153846153854
20170697,"

গাজায় ইসরাইলকে সমর্থন : বাইডেনের বিরুদ্ধে ফুঁসছে আরব-আমেরিকানরা
",0.00279622509612,62.0,0.5384615384615385,53.846153846153854
20170229,"

চিকিৎসা অবহেলার ক্ষেত্রে মেডিক্যাল বোর্ড গঠন প্রশ্নে হাইকোর্টের রুল
",0.00279622509612,62.0,0.5384615384615385,53.846153846153854
20170900,"

ভারতে নিয়ন্ত্রণ হারিয়ে বরযাত্রায় ট্রাকের ধাক্কা, নিহত ৫
",0.00279622509612,62.0,0.5384615384615385,53.846153846153854
20170725,"

পর্যাপ্ত পানি খেয়েও প্রস্রাবে সমস্যা হতে পারে যে জটিল রোগের ইঙ্গিত
",0.00279622509612,62.0,0.5384615384615385,53.846153846153854
20170770,"
প্রয়োজন পৃষ্ঠপোষকতা 
নানা গুণে ভরা ভেন্না হতে পারে ভোজ্যতেল ও ঔষধি ফসল
",0.00279622509612,62.0,0.5384615384615385,53.846153846153854
20170354,"
	রাজশাহীতে স্বাস্থ্যমন্ত্রী 
অপারেশনকালে দুর্ঘটনা ঘটলে দায় হাসপাতাল ও চিকিৎসককে নিতে হবে 
",0.00279622509612,62.0,0.5384615384615385,53.846153846153854
20170517,"

কক্সবাজারে এডি আর্টিলারি গান ফায়ারিং পরিদর্শনে সেনাবাহিনী প্রধান
",0.00279622509612,62.0,0.5384615384615385,53.846153846153854
20051886,রাশিয়ার ইলেকট্রনিক ভোটিং সিস্টেমে সাইবার আক্রমণ চালাবে যুক্তরাষ্ট্র!,0.00279622509612,62.0,0.5384615384615385,53.846153846153854
20051885,গাজাবাসীর অনুপ্রেরণায় ইসলাম গ্রহণ করলেন মার্কিন লেখক শন কিং,0.00279622509612,62.0,0.5384615384615385,53.846153846153854
20171252,"

নিখোঁজের তিন দিন পর আ’ লীগ নেতার ছেলের লাশ উদ্ধার
",0.00279622509612,62.0,0.5384615384615385,53.846153846153854
20171233,"

ঋণ জালিয়াতি : তানভীর মাহমুদসহ ১৮ জনের রায় ১৯ মার্চ
",0.00279622509612,62.0,0.5384615384615385,53.846153846153854
20172941,"

আন্দোলনে নেসকোর ১২ শ' শ্রমিক-কর্মচারী, দুর্ভোগে গ্রাহক
",0.00279622509612,62.0,0.5384615384615385,53.846153846153854
20171538,"

`ত্রাণের সারিতে ইসরাইলি হামলায় নিহত হয়েছে ৪০০ ফিলিস্তিনি'
",0.00279622509612,62.0,0.5384615384615385,53.846153846153854
20171462,"

সকল ধরনের চাঁদাবাজির বিরুদ্ধে কঠোর ব্যবস্থা নেয়া হবে : আইজিপি
",0.00279622509612,62.0,0.5384615384615385,53.846153846153854
20171305,"

জামালপুর জেনারেল হাসপাতালে রোগীর মৃত্যু, চিকিৎসকের ওপর হামলা
",0.00279622509612,62.0,0.5384615384615385,53.846153846153854
20171443,"

ওমান উপসাগরে চীন, রাশিয়া ও ইরানের যৌথ নৌ মহড়া
",0.00279622509612,62.0,0.5384615384615385,53.846153846153854
20171359,"

বিএনপি জনগণের ধর্মীয় মূল্যবোধের বিপক্ষে দাঁড়িয়েছে : ওবায়দুল কাদের
",0.00279622509612,62.0,0.5384615384615385,53.846153846153854
20044736,"কলাপাড়ায় জাল ছেঁড়াকে কেন্দ্র করে দুই গ্রুপের সংঘর্ষ, আহত ২০",0.00279622509612,62.0,0.5384615384615385,53.846153846153854
20171433,"

কুবিতে মৌন প্রতিবাদের পর ক্লাস বর্জনের সিদ্ধান্ত শিক্ষক সমিতির
",0.00279622509612,62.0,0.5384615384615385,53.846153846153854
20044765,ডিএমপি ব্যাডমিন্টন টুর্নামেন্টে চ্যাম্পিয়ন ডিআইজি হারুন- এডিসি নাজমুল,0.00279622509612,62.0,0.5384615384615385,53.846153846153854
20044763,মোবাইল কোর্ট বসিয়ে সাংবাদিককে কারাদণ্ড দেয়ায় নিন্দা-উদ্বেগ,0.00279622509612,62.0,0.5384615384615385,53.846153846153854
20173602,"
	প্রয়োজন পৃষ্ঠপোষকতা  
নানা গুণে ভরা ভেন্না হতে পারে ভোজ্যতেল ও ঔষধি ফসল
",0.00279622509612,62.0,0.5384615384615385,53.846153846153854
20172953,"

ভারতে সংশোধিত নাগরিকত্ব আইন কার্যকর, প্রতিবাদে আসামে বিক্ষোভ
",0.0027858623414271,104.0,0.536180935294124,53.618093529412405
20171205,"

চুয়াডাঙ্গায় ইউপি চেয়ারম্যানের বরখাস্ত চেয়ে সদস্যদের অনাস্থা প্রস্তাব
",0.002779972059522,105.0,0.5348846201763937,53.48846201763937
20171219,"

রোজায় সিএনজি স্টেশন ৫ ঘণ্টা বন্ধ রাখার নির্দেশ
",0.0027780036939797997,106.0,0.5344514283443755,53.445142834437554
20171006,"

কোভিড বিশ্বব্যাপী মানুষের আয়ু ১.৬ বছর কমিয়েছে : গবেষণা
",0.0027760328084922,107.0,0.5340176819305278,53.40176819305278
20044708,শৃঙ্খলা ভঙ্গের দায়ে শাবিতে হল থেকে ৮ শিক্ষার্থী সাময়িক বহিষ্কার,0.0027760239899949,108.0,0.5340157411827757,53.40157411827757
20171535,"

ভান্ডারিয়ায় ৬০ হাজার পরিবারে মিরাজুল ইসলামের ইফতার সামগ্রী উপহার
",0.0027720833523361002,109.0,0.5331484977718659,53.31484977718659
20171152,"

কর্মসংস্থান সৃষ্টির লক্ষ্যে ঠাকুরগাঁওয়ে জামায়াতের সেলাই মেশিন বিতরণ
",0.0027701047177481,110.0,0.5327130459598453,53.271304595984525
20171117,"

‘দ্রব্যমূল্যের লাগামহীন ঊর্ধ্বগতির কারণে জনজীবন বিপর্যস্ত হয়ে পড়েছে’
",0.0027681234353521002,111.0,0.5322770114263871,53.22770114263871
20173659,"

রমজানের বার্তায় গাজায় ঘৃণ্য অপরাধের অবসান চান সৌদি বাদশাহ
",0.0027611399211345,112.0,0.5307401011051136,53.07401011051136
20051617,B2(বিটু)-র ৫ম আউটলেট সোমবার ময়মনসিংহে উদ্বোধন হয়েছে।,0.0027581761228109,113.0,0.5300878374894351,53.008783748943515
20170326,"
 	দেশবাসীকে রমজানের শুভেচ্ছা 
দ্রব্যমূল্য ক্রয়ক্ষমতার মধ্যে আনতে হবে -খেলাফত মজলিস
",0.002752173746204,114.0,0.5287668529146397,52.876685291463964
20173009,"

অস্ত্র আমদানি : ভারত ১, সৌদি ২, কাতার ৩
",0.0027501670686727,115.0,0.5283252294979432,52.832522949794324
20170388,"

বেইলি রোডে নিহত সাংবাদিকের লাশ বুঝে পেলেন বাবা
",0.0026989088552102,116.0,0.5170444795966953,51.70444795966953
20051875,রমজান মাসে হাজারো পণ্যের দাম কমেছে আরব আমিরাতে,0.0026947049768547,117.0,0.5161193029832272,51.61193029832272
20171550,"

ইফতারের ওপর নিষেধাজ্ঞার প্রতিবাদে রাবিতে গণ-ইফতারের ডাক
",0.0026712885612111,118.0,0.5109658902788929,51.096589027889294
20044694,পদত্যাগে রাজি হয়েছেন হাইতির প্রধানমন্ত্রী অ্যারিয়েল হেনরি,0.0026130847312203997,119.0,0.4981565704632461,49.81565704632461
20222859,"

ফিলিস্তিনকে স্বীকৃতির প্রস্তাব পার্লামেন্টে তুলবেন স্পেনের প্রধানমন্ত্রী
",0.002530499145843,120.0,0.47998138894287984,47.99813889428798
20182971,"
রাজধানীতে সুলভমূল্যে মাছ গোশত  
সামান্য হলেও স্বস্তি দেবে
",0.0024999472336158,121.0,0.47325761810580097,47.3257618105801
20182953,"
সংযমের মাস মাহে রমজান   
আত্মশুদ্ধি অর্জন হোক লক্ষ্য
",0.0024802427440078,122.0,0.4689211146620707,46.89211146620707
20044707,সিরাজদিখানে আওয়ামী লীগ কার্যালয়ে ভাঙচুরের প্রতিবাদে মানববন্ধন,0.0024699489249921,123.0,0.4666556826463845,46.66556826463845
20173672,"

ব্রিটেনে মসজিদ ও মুসলিম স্থাপনার নিরাপত্তায় তহবিল ঘোষণা
",0.0024577282367432,124.0,0.46396619117868404,46.396619117868404
20173630,"

সোনাইমুড়ীতে স্ত্রীকে নকল সরবরাহের দায়ে স্বামীর কারাদণ্ড 
",0.0024507589365212,125.0,0.4624324090298269,46.24324090298269
20044718,দেশে সরকারের চেয়ে সিন্ডিকেট শক্তিশালী: জিএম কাদের,0.0024504841457394996,126.0,0.4623719339201004,46.23719339201004
20173613,"

চুনারুঘাটে বিশ্বসেরা হাফেজ বশিরকে সংবর্ধনা দিলেন ব্যারিস্টার সুমন
",0.0024489482246548002,127.0,0.46203391313369074,46.203391313369075
20173577,"

ফরিদপুরে পদ্মা নদী থেকে অজ্ঞাত ব্যক্তির লাশ উদ্ধার
",0.0024470085988183,128.0,0.4616070462476733,46.16070462476733
20044731,ঢাকা ওয়াসার মিরপুর জোন ও ব্যাংকে দুদকের অভিযান,0.0024467002363619,129.0,0.46153918278707623,46.15391827870762
20173091,"

প্রধানমন্ত্রীর প্রেস সচিব ইহসানুল করিমের জানাজা অনুষ্ঠিত
",0.0024466971113506,130.0,0.4615384950442048,46.15384950442048
20170721,"

হংকংয়ের নতুন জাতীয় নিরাপত্তা বিলে কঠোর শাস্তির বিধান
",0.002446696959105,131.0,0.4615384615384615,46.15384615384615
20170635,"

নাগালের বাইরে খেজুর  অস্থির লেবু-শসা-বেগুন
",0.002446696959105,131.0,0.4615384615384615,46.15384615384615
20044734,বিএনপি মানে জনগণ জনগণ মানে বিএনপি- খসরু,0.002446696959105,131.0,0.4615384615384615,46.15384615384615
20170659,"

চিকিৎসাবিজ্ঞান গবেষণায় বিশেষ প্রণোদনা প্যাকেজ দেবে সরকার : প্রধানমন্ত্রী
",0.002446696959105,131.0,0.4615384615384615,46.15384615384615
20172901,"

পরকীয়ার জেরে নারীকে হত্যা, মা-মেয়ে গ্রেফতার
",0.002446696959105,131.0,0.4615384615384615,46.15384615384615
20171571,"

সিংগাইরে সকালে থানায় জিডি, সন্ধ্যায় লাশ উদ্ধার!
",0.002446696959105,131.0,0.4615384615384615,46.15384615384615
20170705,"

পারিবারিক ছবি এডিট করার জন্য ক্ষমা চাইলেন প্রিন্সেস কেট
",0.002446696959105,131.0,0.4615384615384615,46.15384615384615
20172972,"

যুক্তরাষ্ট্রে স্মার্টফোন ছাড়াই স্বস্তিবোধ করে বেশিভাগ কিশোর-কিশোরী
",0.002446696959105,131.0,0.4615384615384615,46.15384615384615
20172963,"

বেইলি রোড ট্র্যাজেডি : ১১ দিন পর নাজমুলের লাশ হস্তান্তর
",0.002446696959105,131.0,0.4615384615384615,46.15384615384615
20173053,"

পরিবহন ও যোগাযোগে ২.৯১ শতাংশ কমিয়েও সর্বোচ্চ বরাদ্দ
",0.002446696959105,131.0,0.4615384615384615,46.15384615384615
20051943,তানভীর-জেসমিনসহ ১৮ জনের মামলার রায় ১৯ মার্চ,0.002446696959105,131.0,0.4615384615384615,46.15384615384615
20172974,"

মাঠে নামার ২২ ঘণ্টা আগে স্কোয়াড ঘোষণা শ্রীলঙ্কার
",0.002446696959105,131.0,0.4615384615384615,46.15384615384615
20172981,"

নয়া দিগন্তের আদমদীঘি সংবাদদাতা সামছুল আলমের ইন্তেকাল
",0.002446696959105,131.0,0.4615384615384615,46.15384615384615
20172998,"

রমজানে ১ টাকা লাভে চাউল বিক্রি করছেন সাইফুল
",0.002446696959105,131.0,0.4615384615384615,46.15384615384615
20168383,"

 ওডেসায় ১৫টি রুশ ড্রোন ভূপাতিত করার দাবি ইউক্রেনের
",0.002446696959105,131.0,0.4615384615384615,46.15384615384615
20170479,"

সোনারগাঁওয়ে এসএসসি পরীক্ষার্থীসহ একই পরিবারের তিনজনকে কুপিয়ে জখম
",0.002446696959105,131.0,0.4615384615384615,46.15384615384615
20173039,"

প্রবাসী তিব্বত সরকারের জাতীয় অভ্যুত্থান দিবস উদযাপিত
",0.002446696959105,131.0,0.4615384615384615,46.15384615384615
20168528,"

রমজানে আল-আকসায় মুসল্লিদের প্রবেশে বাধা ইসরাইলের
",0.002446696959105,131.0,0.4615384615384615,46.15384615384615
20171548,"

বাংলাদেশের সাথে জাপানের সুসম্পর্ক আরো গভীর হবে : রেলমন্ত্রী
",0.002446696959105,131.0,0.4615384615384615,46.15384615384615
20170407,"

অতিরিক্ত আইজিপি পদমর্যাদার পুলিশের ছয় কর্মকর্তার পদায়ন
",0.002446696959105,131.0,0.4615384615384615,46.15384615384615
20170380,"

সাঁথিয়ায় আগুনে ৬টি দোকান পুড়ে কোটি টাকার ক্ষতি
",0.002446696959105,131.0,0.4615384615384615,46.15384615384615
20170174,"

আইসিবি অ্যাসেট ম্যানেজমেন্টে আন্তর্জাতিক নারী দিবস উদযাপন
",0.002446696959105,131.0,0.4615384615384615,46.15384615384615
20170185,"

রেমিট্যান্স আহরণে ‘গোল্ড অ্যাওয়ার্ড’ পেল ইসলামী ব্যাংক 
",0.002446696959105,131.0,0.4615384615384615,46.15384615384615
20170237,"

‘নারী-পুরুষ সমতা নয়, ন্যায্যতা দিতে হবে : ড. সাদেকা হালিম 
",0.002446696959105,131.0,0.4615384615384615,46.15384615384615
20170742,"

ছবি তুলেই যেকোনো অঙ্কের সমাধান গুগলের অ্যাপে!
",0.002446696959105,131.0,0.4615384615384615,46.15384615384615
20044770,"ফেসবুককে ‘জনগণের শত্রু’ বললেন ট্রাম্প, ডুবলো মেটার স্টক",0.002446696959105,131.0,0.4615384615384615,46.15384615384615
20171547,"

গ্রাহকরা কীভাবে বুঝবেন কোন ব্যাংকের আর্থিক অবস্থা কেমন?
",0.002446696959105,131.0,0.4615384615384615,46.15384615384615
20170955,"

মিয়ানমারে সঙ্ঘাতে নিহত আনোয়ারের সন্তানদের ভবিষ্যৎ অনিশ্চিত
",0.002446696959105,131.0,0.4615384615384615,46.15384615384615
20170971,"

আইনজীবীদের মর্যাদা ধূলায় লুটিয়ে দিয়েছে সরকার : রিজভী
",0.002446696959105,131.0,0.4615384615384615,46.15384615384615
20171472,"

দ্বৈত কর এড়াতে বাংলাদেশ-নেদারল্যান্ডসের নতুন চুক্তি সই
",0.002446696959105,131.0,0.4615384615384615,46.15384615384615
20171019,"

কোয়ালিটি ইন্টিগ্রেটেড অ্যাগ্রোর ‘মিট অ্যান্ড গ্রিট’ সম্মেলন
",0.002446696959105,131.0,0.4615384615384615,46.15384615384615
20171445,"

বাংলাদেশকে ১৭৫০০ করোনা শনাক্তকারী কিট দিয়েছে জাপান
",0.002446696959105,131.0,0.4615384615384615,46.15384615384615
20051851,"নির্বাচন নিয়ে সরকারের কাছে কী দাবি ছিল বিএনপির, জানালেন মঈন খান",0.002446696959105,131.0,0.4615384615384615,46.15384615384615
20170803,"

রমজানে গাজায় হামলা চালানোয় ‘আতঙ্কিত’ জাতিসঙ্ঘ প্রধান
",0.002446696959105,131.0,0.4615384615384615,46.15384615384615
20171137,"

মেয়ের মৃত্যুর সংবাদ শুনে মারা গেলেন মা!
",0.002446696959105,131.0,0.4615384615384615,46.15384615384615
20171413,"

সিংগাইরে কহেল হত্যার ঘটনায় মামলা, ভাতিজা গ্রেফতার
",0.002446696959105,131.0,0.4615384615384615,46.15384615384615
20051622,ঘরের ভেতর সিসি ক্যামেরা নিষিদ্ধ করল এয়ারবিএনবি,0.002446696959105,131.0,0.4615384615384615,46.15384615384615
20051621,রোজায় স্কুল খোলা রাখার বিষয়ে যা জানাল দুই মন্ত্রণালয়,0.002446696959105,131.0,0.4615384615384615,46.15384615384615
20171375,"

অনুদান পেতে আইওএম’র সাথে সরকারের চুক্তি স্বাক্ষরিত
",0.002446696959105,131.0,0.4615384615384615,46.15384615384615
20171370,"

ধামরাইয়ে অটোরিকশার চাপায় প্রাণ গেল ৭ বছরের শিশুর
",0.002446696959105,131.0,0.4615384615384615,46.15384615384615
20051328,কেট মিডলটনের ছবি কেলেঙ্কারিকে ঘিরে বৃটেনে তোলপাড়,0.002446696959105,131.0,0.4615384615384615,46.15384615384615
20051321,"রাত পোহালে প্রথম ওয়ানডে, স্কোয়াডই ঘোষণা করেনি লঙ্কানরা",0.002446696959105,131.0,0.4615384615384615,46.15384615384615
20171269,"

নিউক্যাসলকে হারিয়ে ইউরোপের আশা টিকিয়ে রাখলো চেলসি
",0.002446696959105,131.0,0.4615384615384615,46.15384615384615
20170968,"

সিরিজ জিততে চায় বাংলাদেশ, সমর্থকদের ফিডব্যাক দিতে চান শান্ত
",0.002446696959105,131.0,0.4615384615384615,46.15384615384615
20170426,"

রাজশাহীতে সনি হত্যা মামলায় তরুণ-তরুণীর যাবজ্জীবন
",0.002446696959105,131.0,0.4615384615384615,46.15384615384615
20051878,"ইয়েমেনে যুক্তরাষ্ট্র-যুক্তরাজ্যের বিমান হামলা, নিহত ১১",0.002446696959105,131.0,0.4615384615384615,46.15384615384615
20170935,"

যুবদলের সাধারণ সম্পাদক মোনায়েম মুন্নার বাসায় মঈন খান
",0.002446696959105,131.0,0.4615384615384615,46.15384615384615
20170840,"

সিনিয়র ম্যানেজার পদে যমুনা গ্রুপে চাকরির সুযোগ
",0.002446696959105,131.0,0.4615384615384615,46.15384615384615
20171478,"

দ্বৈত কর এড়াতে বাংলাদেশ-নেদারল্যান্ডসের নতুন চুক্তি সই
",0.002446696959105,131.0,0.4615384615384615,46.15384615384615
20171513,"

ইচ্ছাকৃত খেলাপিদের বিদেশ ভ্রমণে নিষেধাজ্ঞা, পাবেন না সম্মাননা  
",0.002446696959105,131.0,0.4615384615384615,46.15384615384615
20044748,প্রাইম ব্যাংকের জয়ে ব্যাট হাতে চমক অপুর,0.002446696959105,131.0,0.4615384615384615,46.15384615384615
20171501,"

নোয়াখালীতে স্বামীর পরিবারের নির্যাতনে গৃহবধুর মৃত্যুর অভিযোগ
",0.002446696959105,131.0,0.4615384615384615,46.15384615384615
20044769,"কুমিল্লায় সড়ক দুর্ঘটনা, ঘটনাস্থলেই প্রাণ হারালেন ৪ জন",0.002446696959105,131.0,0.4615384615384615,46.15384615384615
20051889,যুক্তরাষ্ট্রের বিরুদ্ধে প্রেসিডেন্ট নির্বাচনে হস্তক্ষেপের অভিযাগ রাশিয়ার,0.002446696959105,131.0,0.4615384615384615,46.15384615384615
20171500,"

ছিনতাই হওয়া বাংলাদেশী জাহাজের নাবিকদের পরিচয় মিলেছে
",0.002446696959105,131.0,0.4615384615384615,46.15384615384615
20044751,"নিউজিল্যান্ডের আক্ষেপ, ক্যারির বীরত্বে রোমাঞ্চকর জয় অস্ট্রেলিয়ার",0.002446696959105,131.0,0.4615384615384615,46.15384615384615
20051880,অগ্নি-৫ ক্ষেপণাস্ত্রের সফল পরীক্ষা চালাল ভারত,0.002446696959105,131.0,0.4615384615384615,46.15384615384615
20172932,"

সিংগাইরে কুরআন পোড়ানোর প্রতিবাদে বিক্ষোভ মিছিল ও সমাবেশ
",0.0024363342044120997,188.0,0.4592578583710469,45.92578583710469
20051941,হোটেল-রেস্তোরাঁয় যেভাবে অভিযান চালানোর নির্দেশ হাইকোর্টের,0.0024284755569648,189.0,0.4575283514212987,45.752835142129875
20171442,"

মদিনায় তাহাফফুজে খতমে নবুওয়তের আলোচনা ও ইফতার মাহফিল
",0.0024225552153211,190.0,0.456225420848789,45.622542084878894
20051890,খাবারের অভাবে ইফতার করতে পারেননি গাজার ২ হাজার চিকিৎসাকর্মী,0.0024225552153211,190.0,0.456225420848789,45.622542084878894
20051615,শিক্ষাঙ্গনে ইফতার মাহফিল নিষিদ্ধের ঘটনায় ছাত্রদলের নিন্দা,0.0024225552153211,190.0,0.456225420848789,45.622542084878894
20051318,১ লাখ রোজাদারদের ইফতার করাচ্ছে মাস্তুল ফাউন্ডেশন,0.0024225552153210998,193.0,0.45622542084878887,45.62254208487889
20171293,"

প্রথম রোজায় এতিম ও আলেম-ওলামাদের সাথে বিএনপির ইফতার
",0.0024225552153210998,193.0,0.45622542084878887,45.62254208487889
20171243,"

২০২৩ সালে চীন প্রায় ৪০ লাখ হেক্টর বনায়ন করেছে
",0.002402645609189,195.0,0.4518437759915626,45.184377599156264
20171228,"

কল্পনার মৃত্যুর কারণ জানা গেল ৩ বছর পর : শারীরিক সম্পর্কের পর হত্যা
",0.0024006389316577,196.0,0.45140215257486643,45.140215257486645
20171315,"

মালয়েশিয়ায় পুলিশের সাথে বন্দুকযুদ্ধে বাংলাদেশীসহ নিহত ৩
",0.0024006389316577,196.0,0.45140215257486643,45.140215257486645
20171146,"

কাভার্ডভ্যান ও নছিমনের সংঘর্ষে নির্মাণশ্রমিক নিহত, আহত ৬
",0.0023986292475626,198.0,0.45095986748286015,45.095986748286016
20051848,রমজানে নেতাকর্মীদের উদ্দেশ্যে ৮ নির্দেশনা দিল ছাত্রলীগ,0.0023925817588876996,199.0,0.44962895478294546,44.96289547829455
20044704,তারাকান্দায় মাইক্রোবাস মোটরসাইকেল মুখোমুখি সংঘর্ষে নিহত ২,0.0023774665264781,200.0,0.44630244094264787,44.63024409426479
20172927,"

শ্রেণিকক্ষ দখল নিয়ে ভিসির কার্যালয় অবরোধ ইবি শিক্ষার্থীদের
",0.0023701545876208,201.0,0.4446932519372066,44.46932519372066
20044712,দিরাইয়ে শিক্ষকের ওপর হামলার প্রতিবাদে শিক্ষার্থীদের মানববন্ধন,0.0023654657208828003,202.0,0.4436613405727898,44.36613405727898
20171277,"

বাংলাদেশ-ভারতের সাথে সম্পর্ককে গুরুত্ব দেয় যুক্তরাষ্ট্র : মুখপাত্র
",0.0023514762462954,203.0,0.44058258005013157,44.05825800501316
20051324,এনইসিতে ২ লাখ ৪৫ হাজার কোটি টাকার আরএডিপি অনুমোদন,0.0023493807181952,204.0,0.4401214026736184,44.012140267361836
20051620,১৮ হাজার কোটি টাকা বরাদ্দ কমিয়ে সংশোধিত এডিপি অনুমোদন,0.0023493807181952,204.0,0.4401214026736184,44.012140267361836
20051888,ইসরাইল আমাদের ইহুদিসত্তাকে ছিনিয়ে নিয়েছে: অস্কার বিজয়ী গ্লিজার,0.0023472809374907,206.0,0.43965928939703564,43.965928939703566
20168367,"

জীবনের শেষ সিনেমাতেও অস্কার জিতলেন হায়াও মিয়াজাকি
",0.0023472809374907,206.0,0.43965928939703564,43.965928939703566
20171071,"

দুই ধরনের খেজুরের যৌক্তিক মূল্য নির্ধারণ করে দিলো সরকার
",0.0023430683594498,208.0,0.43873219818357295,43.87321981835729
20223820,ইফতার মাহফিলে নিষেধাজ্ঞার প্রতিবাদে বিভিন্ন বিশ্ববিদ্যালয়ে গণ-ইফতার,0.0023268131286887,209.0,0.4351547970137644,43.51547970137644
20223821,অসহায় মানুষের মাঝে ইফতার বিতরণ কার্যক্রম শুরু করেছে পুনাক,0.0022776681379066003,210.0,0.4243391186577952,42.43391186577952
20223801,আউশের উৎপাদন বাড়াতে ৬৪ কোটি টাকার প্রণোদনা,0.0022647330364383997,211.0,0.42149240132698557,42.14924013269856
20223838,"ভারতের অনুমোদন পেয়েছি, দাম নির্ধারণ হলে পেয়াজ পেয়ে যাবো: প্রতিমন্ত্রী",0.0022129622935315,212.0,0.4100988555226277,41.00988555226277
20044692,দক্ষিণ এশিয়ায় গণতন্ত্র টিকে থাকার লড়াই করছে,0.0022016325908564,213.0,0.4076054494185151,40.760544941851514
20222901,"

  ইবিতে রমজানের মাহাত্মা শীর্ষক বারোয়ারি বিতর্ক
",0.0021565498050851,214.0,0.39768376864223043,39.76837686422304
20222862,"

 বাউফলে প্রতিবন্দ্বী শিশু নিহত : আটক ১
",0.0021529880597004,215.0,0.3968999106771822,39.689991067718225
20044685,চাষাবাদের আওতায় আসবে ৩ হাজার হেক্টর পতিত জমি,0.0021242486703185997,216.0,0.39057503429092544,39.05750342909254
20044714,বিশ্বের শীর্ষ পর্যায়ের ৫৫ কোম্পানিকে আমন্ত্রণ,0.0021134298829322998,217.0,0.3881940688515249,38.81940688515249
20173700,"

গাজায় ৪০ হাজার টন ত্রাণ পাঠিয়েছে তুরস্ক
",0.0021101988421917,218.0,0.38748299134699743,38.74829913469974
20173685,"

আইনিপ্রক্রিয়া মোকাবেলায় প্রস্তুত পাকিস্তানের সাবেক প্রেসিডেন্ট
",0.0021071502560339,219.0,0.3868120678856539,38.68120678856539
20044722,নরসিংদীতে মেয়র কাপ ক্রিকেট টুর্নামেন্ট অনুষ্ঠিত,0.0020995066794265,220.0,0.3851298930645944,38.51298930645944
20044720,মাঠে নামছেন আওয়ামী লীগের কেন্দ্রীয় নেতারা,0.0020988781895559,221.0,0.3849915769476877,38.49915769476877
20044726,এনায়েতপুরে ফের ইভটিজারের পক্ষে মাঠে নামলো আওয়ামী লীগ,0.00209757961343,222.0,0.38470579030951846,38.470579030951846
20044727,হাসপাতাল কর্তৃপক্ষের অবহেলায় নবজাতকের মৃত্যুর অভিযোগ,0.0020973503650599,223.0,0.38465533803360646,38.46553380336065
20044729,বড় ভাইয়ের মারধরে ছোট ভাই নিহত,0.0020972011037527,224.0,0.38462248906438345,38.46224890643835
20171050,"

মিরসরাইয়ে স্কুলছাত্রীকে ধর্ষণের অভিযোগ বখাটে গ্রেফতার
",0.0020971688220899998,225.0,0.3846153846153846,38.46153846153846
20171092,"

ধর্ম অবমাননায় সর্বোচ্চ সাজা মৃত্যুদণ্ডের পক্ষে হাইকোর্ট
",0.0020971688220899998,225.0,0.3846153846153846,38.46153846153846
20171124,"

জবির রেজিস্ট্রার পদ থেকে অব্যাহতি নিলেন ওহিদুজ্জামান
",0.0020971688220899998,225.0,0.3846153846153846,38.46153846153846
20170294,"

  প্রাইম ব্যাংক, আবাহনী ও শেখ জামাল জয়ী
",0.0020971688220899998,225.0,0.3846153846153846,38.46153846153846
20171135,"

অ্যাপ-কর্মীদের অধিকার রক্ষায় সম্মত ইইউ
",0.0020971688220899998,225.0,0.3846153846153846,38.46153846153846
20170917,"

গলাচিপায় মহিষের আঘাতে এক কৃষকের মৃত্যু
",0.0020971688220899998,225.0,0.3846153846153846,38.46153846153846
20051626,ধর্মীয় অবমাননায় সর্বোচ্চ শাস্তির পরামর্শ হাইকোর্টের,0.0020971688220899998,225.0,0.3846153846153846,38.46153846153846
20051882,রমজান উপলক্ষ্যে বিশ্ব মুসলিমকে যে বার্তা দিলেন এরদোগান,0.0020971688220899998,225.0,0.3846153846153846,38.46153846153846
20170796,"

আজ সকালে বিশ্বের দ্বিতীয় দূষিত বাতাস ঢাকার
",0.0020971688220899998,225.0,0.3846153846153846,38.46153846153846
20051884,ক্ষুধা ও রক্ত দিয়ে রমজানকে স্বাগত জানাল গাজা,0.0020971688220899998,225.0,0.3846153846153846,38.46153846153846
20170844,"

সালাম মুর্শেদীর বাড়ি নিয়ে হাইকোর্টের রায় দুপুরে
",0.0020971688220899998,225.0,0.3846153846153846,38.46153846153846
20170824,"

কুষ্টিয়ায় চাচার কবরের পাশে বৃষ্টির দাফন
",0.0020971688220899998,225.0,0.3846153846153846,38.46153846153846
20051892,গাজায় যুদ্ধবিরতির জন্য 'ভালো সুযোগ' হতে পারে রমজান: জাতিসংঘ,0.0020971688220899998,225.0,0.3846153846153846,38.46153846153846
20171183,"

পাথরঘাটায় প্রবাসীর বাড়ি থেকে স্বর্ণালংকার ও মালামাল চুরি
",0.0020971688220899998,225.0,0.3846153846153846,38.46153846153846
20170782,"

আরএএফ : জার্মানিতে সন্ত্রাসবাদের অমীমাংসিত এক অধ্যায়
",0.0020971688220899998,225.0,0.3846153846153846,38.46153846153846
20171168,"

ভারত মহাসাগরে জলদস্যুদের কবলে বাংলাদেশী জাহাজ
",0.0020971688220899998,225.0,0.3846153846153846,38.46153846153846
20044755,ভোরে ঢাকায় আসা যাত্রীদের সব লুটে নেয় তারা,0.0020971688220899998,225.0,0.3846153846153846,38.46153846153846
20051326,বেতনের দাবিতে এফডিসির কর্মকর্তা-কর্মচারীদের মানববন্ধন,0.0020971688220899998,225.0,0.3846153846153846,38.46153846153846
20051319,কূটনৈতিক উত্তেজনার মধ্যেই মালদ্বীপ থেকে ভারতীয় সেনা প্রত্যাহার শুরু,0.0020971688220899998,225.0,0.3846153846153846,38.46153846153846
20044767,বাংলাদেশে আশ্রয় নিলো বিজিপির আরও ১৫০ সদস্য,0.0020971688220899998,225.0,0.3846153846153846,38.46153846153846
20044764,"সংকটেও বাড়ছে প্রকল্প, কাটছাঁট ১৮ হাজার কোটি টাকা",0.0020971688220899998,225.0,0.3846153846153846,38.46153846153846
20171397,"

মিয়ানমারের সীমান্তরক্ষীদের ফেরত পাঠাতে কাজ করছে সরকার : পররাষ্ট্রমন্ত্রী
",0.0020971688220899998,225.0,0.3846153846153846,38.46153846153846
20044756,ছেলের বিরুদ্ধে মামলা করে ঘরছাড়া বাবা-মা,0.0020971688220899998,225.0,0.3846153846153846,38.46153846153846
20051910,"নারী ক্রিকেটারদের সঙ্গে অশালীন ব্যবহার, ক্ষমা চাইল বোর্ড",0.0020971688220899998,225.0,0.3846153846153846,38.46153846153846
20044753,ব্যাটে-বলে উজ্জ্বল সাব্বির-তানভীর জয়ে শুরু আবাহনীর,0.0020971688220899998,225.0,0.3846153846153846,38.46153846153846
20044752,ইতালিতে ঢুস মেরে চাকরি খোয়ালেন কোচ,0.0020971688220899998,225.0,0.3846153846153846,38.46153846153846
20044744,‘শর্ত দিয়ে খেলবে এটা শুনতে যেন কেমন দেখায়’,0.0020971688220899998,225.0,0.3846153846153846,38.46153846153846
20044743,সারি-ইমনের হ্যাটট্রিকে বড় জয় মোহামেডানের,0.0020971688220899998,225.0,0.3846153846153846,38.46153846153846
20044739,বিমানবন্দরে চ্যাম্পিয়ন হওয়ার গল্প শোনালেন অধিনায়ক,0.0020971688220899998,225.0,0.3846153846153846,38.46153846153846
20044738,খাদ্যের মূল্যবৃদ্ধিতে আমরাও মানবিক বিপর্যয়ের মুখোমুখি,0.0020971688220899998,225.0,0.3846153846153846,38.46153846153846
20172939,"

হিজাব নিয়ে কটাক্ষকারী সেই শিক্ষককে ৫ বছরের অব্যাহতি
",0.0020971688220899998,225.0,0.3846153846153846,38.46153846153846
20044705,বিএনপি জালিম সরকারের কাছে মাথা নত করবে না: দুলু,0.0020971688220899998,225.0,0.3846153846153846,38.46153846153846
20051895,"মধ্যপ্রাচ্যে ইরান, রাশিয়া ও চীনের যৌথ মহড়া",0.0020971688220899998,225.0,0.3846153846153846,38.46153846153846
20171265,"

রমজানে মসজিদের ধ্বংসস্তুপে নামাজ আদায় করছেন গাজাবাসী
",0.0020971688220899998,225.0,0.3846153846153846,38.46153846153846
20170557,"

বর্তমান সরকার সুপ্রিম কোর্টকেও অপবিত্র করেছে : রিজভী
",0.0020971688220899998,225.0,0.3846153846153846,38.46153846153846
20170135,"

সাংবাদিক রানার মুক্তি দাবিতে ফেনীতে মানববন্ধন
",0.0020971688220899998,225.0,0.3846153846153846,38.46153846153846
20051937,রমজানে প্রথম ১০ দিন প্রাথমিক ১৫ দিন মাধ্যমিক স্কুল খোলা,0.0020971688220899998,225.0,0.3846153846153846,38.46153846153846
20170419,"

ঝালকাঠিতে মেয়েদের স্কুল ভাঙচুর করল ছেলেরা
",0.0020971688220899998,225.0,0.3846153846153846,38.46153846153846
20170348,"

বিএনপি জালিম সরকারের কাছে মাথা নত করবে না : দুলু
",0.0020971688220899998,225.0,0.3846153846153846,38.46153846153846
20170632,"

পবিত্র রমজান মাস শুরু আজ
৬ এপ্রিল শবেকদর
",0.0020971688220899998,225.0,0.3846153846153846,38.46153846153846
20051934,শেকল ছেঁড়ার নেশায় দুর্বার বীর বাঙালি,0.0020971688220899998,225.0,0.3846153846153846,38.46153846153846
20170138,"

এস্টারিকস জাতের আলু চাষে বেলালের বাজিমাত
",0.0020971688220899998,225.0,0.3846153846153846,38.46153846153846
20051938,ড. ইউনূস ইস্যুতে যা বলল মার্কিন পররাষ্ট্র দপ্তর,0.0020971688220899998,225.0,0.3846153846153846,38.46153846153846
20168533,"

গাছুয়া মাধ্যমিক বিদ্যালয়ে বার্ষিক ক্রীড়া প্রতিযোগিতা
",0.0020971688220899998,225.0,0.3846153846153846,38.46153846153846
20051932,এক কেন্দ্রেও জয় পাননি পরাজিত চার প্রার্থী,0.0020971688220899998,225.0,0.3846153846153846,38.46153846153846
20223817,ভারতে সিএএ কার্যকর হতেই বিক্ষোভে উত্তাল আসাম,0.0020953868451713997,270.0,0.38422321261814496,38.422321261814496
20044689,সরাইলে কাভার্ড ভ্যানের ধাক্কায় যুবক নিহত,0.0020908927714162,271.0,0.38323417069401977,38.32341706940198
20171320,"

চট্টগ্রামে এতিমদের সম্মানে মহানগরী জামায়াতের ইফতার
",0.0020730270783061,272.0,0.3793023439257121,37.93023439257121
20044750,ক্যাম্পাসে ইফতার পার্টি না করার অনুরোধ শাবি প্রশাসনের,0.0020730270783061,272.0,0.3793023439257121,37.93023439257121
20168602,"

 চুয়াডাঙ্গায় বাজার নিয়ন্ত্রণে  ডিসি-এসপির মনিটরিং
",0.0020621488645015,274.0,0.37690830010302256,37.69083001030226
20051912,রমজানের শুভেচ্ছাবার্তায় কী লিখলেন বাবর ইউসুফ ও মুশফিকরা,0.002053117472174,275.0,0.3749206990684857,37.49206990684857
20170485,"

বিশ্বের মুসলিমদের রমজানের শুভেচ্ছা বাইডেন ও ট্রুডোর
",0.002053117472174,275.0,0.3749206990684857,37.49206990684857
20173135,"

নিত্যানন্দকাটি প্রাথমিক বিদ্যালয়ের ৩ শিক্ষককে রাজকীয় সংবর্ধনা 
",0.0020513039796772,277.0,0.3745215912197668,37.45215912197668
20182973,"

অস্কার চলাকালীন থিয়েটারের বাইরে ফিলিস্তিনপন্থীদের বিক্ষোভ
",0.0020350334399548,278.0,0.37094082090085984,37.09408209008598
20171378,"

নিষেধাজ্ঞার জবাবে ঢাবিতে প্রতিবাদী গণ-ইফতার
",0.0020305611818625,279.0,0.36995658010070054,36.99565801007005
20170931,"

শিক্ষাঙ্গনে ইফতার মাহফিল নিষিদ্ধের প্রতিবাদ ছাত্রদলের
",0.0020128358708308,280.0,0.3660556481882622,36.60556481882622
20170749,"

পাকিস্তানের ফার্স্ট লেডি হলেন আসিফা ভুট্টো
",0.0020082098005981,281.0,0.3650375568855117,36.50375568855117
20044745,মেডিকেল শিক্ষার্থীকে গুলি করা সেই শিক্ষক পাঁচ দিনের রিমান্ডে,0.0020082098005981,281.0,0.3650375568855117,36.50375568855117
20044723,সিংড়ায় ট্রাক-ভ্যানের সংঘর্ষে নিহত ৩,0.0020027941832371,283.0,0.3638457044801408,36.38457044801408
20171194,"

জয়পুরহাটে ম্যাজিস্ট্রেট দেখে কমে গেল বেগুন ও আদার দাম
",0.0019956487028247,284.0,0.36227314913707326,36.227314913707325
20044684,সাশ্রয়ী মূল্যে সেচ পেয়ে খুশি ২২১ কৃষক,0.0019776445662597997,285.0,0.35831085415921293,35.831085415921294
20044687,দ্রব্যমূল্যের ঊর্ধ্বগতি প্রতিরোধে মাঠ পর্যায়ে নির্দেশ,0.0019582256251248,286.0,0.35403719334481,35.403719334480996
20044688,চুয়াডাঙ্গায় নিত্যপণ্যের দাম নিয়ন্ত্রণে বাজার তদারকি,0.0019398936361548999,287.0,0.35000274561843386,35.00027456184338
20171529,"

মাহমুদউল্লাহকে পেয়ে খুশি শান্ত, মিস করবেন সাকিবকে
",0.00193114721018,288.0,0.34807785910195765,34.80778591019577
20223822,মাসব্যাপী গণ-ইফতারের উদ্বোধন এবি পার্টির,0.0018748373733674,289.0,0.33568536347727596,33.568536347727594
20044696,রোনালদোর মিসে আল নাসরের হার,0.0018552600325490998,290.0,0.33137684254795585,33.13768425479559
20223825,রমজানের প্রথম দিনে সংঘর্ষে জড়ালো বাকৃবি ছাত্রলীগ,0.0018026998338954,291.0,0.31980955575193676,31.980955575193676
20223792,সুষ্ঠু নির্বাচনের বিকল্প নেই: মঈন খান,0.0017790680344294,292.0,0.31460874203868816,31.460874203868816
20173716,"

মুসলমানদের কাটা ঘায়ে নুনের ছিটা
",0.0017724354124336998,293.0,0.31314905499794204,31.314905499794204
20044709,চাটমোহরে করিমনের চাপায় স্কুলছাত্রী নিহত,0.0017714887780841,294.0,0.31294072262300315,31.294072262300315
20044711,মাদ্রাসাছাত্রকে বলাৎকার শিক্ষকের বিরুদ্ধে মামলা,0.0017604766256687,295.0,0.3105172020029676,31.051720200296764
20044703,নকল সরবরাহের দায়ে যুবকের কারাদণ্ড,0.0017502038946199,296.0,0.30825641096215073,30.825641096215072
20173591,"

  রামগতিতে এমপি ফরিদুন্নাহার লাইলীকে সংবর্ধনা 
",0.0017482421627905,297.0,0.30782467905723426,30.782467905723426
20173124,"

 ইউসিবিতে আন্তর্জাতিক নারী দিবস পালন
",0.0017476618473885,298.0,0.307696965029148,30.7696965029148
20044761,দক্ষিণ আফ্রিকায় গুলিতে বাংলাদেশি নিহত,0.001747640685075,299.0,0.3076923076923077,30.76923076923077
20051317,৫ম বছরে পদার্পন করল ব্যাকস্পেস,0.001747640685075,299.0,0.3076923076923077,30.76923076923077
20168348,"
সুশাসন 
কৃষি হতে পারে আমাদের সমৃদ্ধির মূল চালিকাশক্তি
",0.001747640685075,299.0,0.3076923076923077,30.76923076923077
20171246,"

রোজায় দুই শিফটের স্কুলে ক্লাসের ব্যাপারে নতুন নির্দেশনা
",0.001747640685075,299.0,0.3076923076923077,30.76923076923077
20170266,"

 সারি-ইমনের হ্যাটট্রিকে মোহামেডানের জয়
",0.001747640685075,299.0,0.3076923076923077,30.76923076923077
20051532,আজ টিভিতে যা দেখবেন (১২ মার্চ ২০২৪),0.001747640685075,299.0,0.3076923076923077,30.76923076923077
20051619,অবশেষে স্কোয়াড ঘোষণা করলো শ্রীলঙ্কা,0.001747640685075,299.0,0.3076923076923077,30.76923076923077
20171432,"

আসামে সিএএ প্রতিবাদের ঝড়, যা বললেন মুখ্যমন্ত্রী
",0.001747640685075,299.0,0.3076923076923077,30.76923076923077
20044733,যুক্তরাষ্ট্রের সঙ্গে সম্পর্ক আরও দৃঢ় হবে: আশা পররাষ্ট্রমন্ত্রীর,0.001747640685075,299.0,0.3076923076923077,30.76923076923077
20170689,"
সুশাসন 
কৃষি হতে পারে আমাদের সমৃদ্ধির মূল চালিকাশক্তি
",0.001747640685075,299.0,0.3076923076923077,30.76923076923077
20170476,"

রাজধানীর এভারকেয়ারে ১০০তম বোনম্যারো প্রতিস্থাপন
",0.001747640685075,299.0,0.3076923076923077,30.76923076923077
20044749,নির্বাচনে আহত সমর্থকদের দেখতে গেলেন কায়সার,0.001747640685075,299.0,0.3076923076923077,30.76923076923077
20044747,জামালের মুক্তির দাবিতে সিলেটে বিক্ষোভ,0.001747640685075,299.0,0.3076923076923077,30.76923076923077
20171519,"

ইসরাইলি বাহিনীকে হামাসের অতর্কিত হামলা
",0.001747640685075,299.0,0.3076923076923077,30.76923076923077
20044742,ওয়ানডে সিরিজ জিততে আত্মবিশ্বাসী হৃদয়,0.001747640685075,299.0,0.3076923076923077,30.76923076923077
20172913,"

এডিপির আকার কমল ১৮ হাজার কোটি টাকা
",0.001747640685075,299.0,0.3076923076923077,30.76923076923077
20170125,"

কিশোরগঞ্জের অজপাড়াগাঁয়ে তৈরি হচ্ছে জামদানি শাড়ি
",0.001747640685075,299.0,0.3076923076923077,30.76923076923077
20173019,"

আজ থেকে নতুন সময়ে সরকারি অফিস-ব্যাংক-আদালত
",0.001747640685075,299.0,0.3076923076923077,30.76923076923077
20044715,গবেষণায় বিশেষ প্রণোদনা প্যাকেজ দেবে সরকার,0.001747640685075,299.0,0.3076923076923077,30.76923076923077
20170370,"

বরিশালের বিভিন্ন পার্ক থেকে শতাধিক ছাত্রছাত্রী আটক
",0.001747640685075,299.0,0.3076923076923077,30.76923076923077
20173069,"

পিরোজপুরে নৌকার পক্ষে কাজ করায় পিটিয়ে আহত
",0.001747640685075,299.0,0.3076923076923077,30.76923076923077
20173075,"

 দশমিনায় ডোবায় বিরল প্রজাতির মাছ
",0.001747640685075,299.0,0.3076923076923077,30.76923076923077
20173081,"

ছুটি নিয়ে শিক্ষকরা বিদেশে ক্ষতিগ্রস্ত হচ্ছে শিক্ষার্থীরা 
",0.001747640685075,299.0,0.3076923076923077,30.76923076923077
20170158,"

 এশিয়ান ইউনিভার্সিটি অব বাংলাদেশে ভর্তিমেলা শুরু
",0.001747640685075,299.0,0.3076923076923077,30.76923076923077
20051624,রিমান্ড শেষে কারাগারে ৫ আইনজীবী,0.001747640685075,299.0,0.3076923076923077,30.76923076923077
20044771,নির্বাচনের নতুন তারিখ ঘোষণার দাবি বিএনপির,0.001747640685075,299.0,0.3076923076923077,30.76923076923077
20171037,"

সৌম্যকে নিয়ে বড় আশা অধিনায়ক শান্তের
",0.001747640685075,299.0,0.3076923076923077,30.76923076923077
20170811,"

ইউক্রেন নিয়ে পোপের মন্তব্যের সমালোচনায় জার্মানি
",0.001747640685075,299.0,0.3076923076923077,30.76923076923077
20051914,"দর্শকের সঙ্গে তর্ক আমিরের, কী হয়েছিল মাঠে",0.001747640685075,299.0,0.3076923076923077,30.76923076923077
20051833,সুদ-আসল দুটোই হারানোর শঙ্কা,0.001747640685075,299.0,0.3076923076923077,30.76923076923077
20171078,"

মালদ্বীপ থেকে সৈন্য প্রত্যাহার শুরু করল ভারত
",0.001747640685075,299.0,0.3076923076923077,30.76923076923077
20170585,"

 গণমানুষকে জাগাতে বেরিয়ে পড়লেন ভাসানী
",0.001747640685075,299.0,0.3076923076923077,30.76923076923077
20171091,"

রমজানে দুধের লিটার ১০ টাকা!
",0.001747640685075,299.0,0.3076923076923077,30.76923076923077
20171021,"

জামালপুরে ইউপি চেয়ারম্যান সাময়িক বরখাস্ত
",0.001747640685075,299.0,0.3076923076923077,30.76923076923077
20051939,দেশের অর্ধেক জেলায় হতে পারে বজ্রসহ বৃষ্টি,0.001747640685075,299.0,0.3076923076923077,30.76923076923077
20051929,প্রকৌশল গুচ্ছ ভর্তি পরীক্ষায় প্রথম ইশতিয়াক,0.001747640685075,299.0,0.3076923076923077,30.76923076923077
20171013,"

তাড়াশে ভুট্টা ক্ষেত থেকে নবজাতক উদ্ধার
",0.001747640685075,299.0,0.3076923076923077,30.76923076923077
20171052,"

ইউক্রেনে রাশিয়ার অগ্রযাত্রা থেমে গেছে : জেলেনস্কি
",0.001747640685075,299.0,0.3076923076923077,30.76923076923077
20051872,আমার ব্যক্তিগত জীবন নিয়ে খুঁচিয়ে লাভ নেই: তাপসী,0.001747640685075,299.0,0.3076923076923077,30.76923076923077
20170952,"

কাউখালীতে শসার কেজি ১০০ টাকা
",0.001747640685075,299.0,0.3076923076923077,30.76923076923077
20170312,"

হাথুরু থাকলে ফেরা কঠিন হবে : তামিম
",0.001747640685075,299.0,0.3076923076923077,30.76923076923077
20051883,গাজায় ৯ হাজার নারীকে হত্যা করা হয়েছে,0.001747640685075,299.0,0.3076923076923077,30.76923076923077
20051940,ভারতীয় পণ্য বর্জন ইস্যুতে যা বলল যুক্তরাষ্ট্র,0.001747640685075,299.0,0.3076923076923077,30.76923076923077
20170601,"

ভারতে ‘বিতর্কিত’ নাগরিকত্ব আইন কার্যকর
",0.001747640685075,299.0,0.3076923076923077,30.76923076923077
20170895,"

রমজানে শিক্ষাপ্রতিষ্ঠান খোলা থাকবে : আপিল বিভাগ
",0.001747640685075,299.0,0.3076923076923077,30.76923076923077
20170859,"

থেমে থাকা ট্রাকে ধাক্কা, নিহত ৪
",0.001747640685075,299.0,0.3076923076923077,30.76923076923077
20051942,বাংলাদেশ সরকার ও ভারত প্রশ্নে এবার যা বলল যুক্তরাষ্ট্র,0.001747640685075,299.0,0.3076923076923077,30.76923076923077
20044725,সরাইলে ১৫৪ অবৈধ সংযোগ বিচ্ছিন্ন,0.0017434497441052,346.0,0.30676997829887703,30.676997829887704
20044706,নাজিরপুরে বিএনপি’র ৩ নেতাকর্মী কারাগারে,0.0017399803226829,347.0,0.3060064387074,30.60064387074
20173033,"

উত্তরায় কাঁচাবাজারে ভয়াবহ আগুন নিয়ন্ত্রণে
",0.0017372779303820999,348.0,0.30541170452489314,30.541170452489315
20044766,উত্তরায় কাঁচাবাজারে ভয়াবহ আগুন নিয়ন্ত্রণে,0.0017372779303820999,348.0,0.30541170452489314,30.541170452489315
20044759,সদরপুরে সন্ত্রাসী হামলার প্রতিবাদে মানববন্ধন,0.0017372779303820999,348.0,0.30541170452489314,30.541170452489315
20172994,"

চুয়াডাঙ্গায় মোটরসাইকেল থেকে পড়ে যুবক নিহত
",0.001731387648477,351.0,0.30411538940716293,30.411538940716294
20170865,"

আজ এতিম ও আলেমদের সাথে ইফতার করবে বিএনপি
",0.0017234989412911,352.0,0.3023792670026351,30.23792670026351
20170491,"

বায়তুল মোকাররমে মাসব্যাপী ইসলামী বইমেলা শুরু
",0.0017155683825028,353.0,0.30063393402622524,30.063393402622523
20223831,জালেমের জুলুম টিকে থাকতে পারে না: মির্জা আব্বাস,0.0016932336787366998,354.0,0.29571858114354693,29.571858114354693
20044768,ভারতে কথিত ৮ বাংলাদেশি গ্রেপ্তার,0.0016710983135907998,355.0,0.2908470980910527,29.08470980910527
20171565,"

নিষেধাজ্ঞার প্রতিবাদে বিভিন্ন বিশ্ববিদ্যালয়ে গণ-ইফতার
",0.0016583465472526,356.0,0.28804072859154556,28.804072859154555
20044724,নিসচা মৌলভীবাজার জেলা কমিটির অনুমোদন,0.0016512252952889002,357.0,0.28647350537091887,28.64735053709189
20171330,"

লেবুর দাম নিয়ে প্রশ্ন বাণিজ্য প্রতিমন্ত্রীরও
",0.0016461205658097001,358.0,0.28535007221399633,28.53500722139963
20051944,খেজুরের দাম বেঁধে দিল সরকার,0.0016461205658097001,358.0,0.28535007221399633,28.53500722139963
20051869,লোকসভা নির্বাচনের টিকিট না পেয়ে যা বললেন নুসরাত,0.0016397817057142998,360.0,0.28395503538838546,28.395503538838547
20051873,শাকিবের সঙ্গে কাটানো যে স্মৃতিতে ভাসলেন বুবলী,0.0016355329671166,361.0,0.28301998607084544,28.301998607084546
20044735,"আন্দোলন থেমে থাকবে না, চলবে- মির্জা আব্বাস",0.0016048227427259,362.0,0.2762613743799377,27.62613743799377
20044686,তারাকান্দায় ঝুঁঁকিপূর্ণ ভবনে নাগরিক সেবা,0.0015773181129282998,363.0,0.2702082400837115,27.020824008371154
20223837,গাইবান্ধায় গ্রাম পুলিশদের পাঁচ দিনব্যাপী বিশেষ প্রশিক্ষণ,0.0015696202521926998,364.0,0.26851411857874585,26.851411857874584
20223793,কৃষিমন্ত্রীর সঙ্গে সুইজারল্যান্ডের রাষ্ট্রদূতের বৈঠক,0.0015018639446137002,365.0,0.25360251888770474,25.360251888770474
20044693,শারীরিক হেনস্তার শিকার অভিনেত্রী,0.0014876732192399,366.0,0.25047946771120894,25.047946771120895
20182981,"

হঠাৎ উপস্থিত রবি চৌধুরী
",0.0014537323888127,367.0,0.24300987418411452,24.300987418411452
20044699,জগন্নাথে পদে পদে অনিয়ম,0.00145005061545,368.0,0.24219960083098485,24.219960083098485
20222857,"

পাসপোর্ট ছাড়াই যাওয়া যাবে সৌদি আরবে
",0.0014433130735371,369.0,0.24071682333769184,24.071682333769186
20182965,"

অস্কারের আসর যেন ‘ওপেনহাইমার’ রজনী
",0.0014358024554757,370.0,0.23906390962433288,23.90639096243329
20044698,লাগামহীন ইফতার দামে অস্বস্তি,0.0014286084670573,371.0,0.23748067878856022,23.748067878856023
20044710,‘বন্দরটি চালু হলে অর্থনৈতিক উন্নয়ন ঘটবে’,0.0014259120641135,372.0,0.23688726272531313,23.688726272531312
20173715,"
স্মরণ 
মশিউর রহমান যাদুমিয়া
",0.0014146189121059,373.0,0.23440190057964033,23.440190057964035
20173666,"

ইউক্রেনে ম্যাক্রোঁর সফর স্থগিত 
",0.001402566975108,374.0,0.23174954736802533,23.174954736802533
20173652,"

 গৌরনদীতে বইমেলা ও সাংস্কৃতিক অনুষ্ঠান
",0.0014022012610444001,375.0,0.2316690621421823,23.16690621421823
20173637,"

দোয়ারাবাজারে গরুর খামারে আগুন
",0.0014014004977712,376.0,0.2314928326249034,23.14928326249034
20044716,রমজানে স্কুল খোলা থাকবে কিনা জানা যাবে আজ,0.0014002970263902,377.0,0.23124998403866942,23.124998403866943
20044719,রহস্যের আবর্তে ৫ হত্যা,0.0014002514808825,378.0,0.23123996052347484,23.123996052347483
20044721,আইনশৃঙ্খলা কমিটির সভায় ক্ষোভ,0.0014001103793673001,379.0,0.23120890733616817,23.120890733616818
20173111,"

‘আত্মবিশ্বাস ছিল কয়েকটি সেভ করব’
",0.0013981154867922002,380.0,0.23076987751637112,23.076987751637112
20173105,"

 ক্রাইস্টচার্চে অস্ট্রেলিয়ার স্মরণীয় জয়
",0.0013981128999626998,381.0,0.23076930821489416,23.076930821489416
20170238,"

রাবির ‘সি’ ইউনিটের ফল প্রকাশ
",0.00139811254806,382.0,0.23076923076923078,23.076923076923077
20170851,"

পাকিস্তানের নতুন পররাষ্ট্রমন্ত্রী ইসহাক দার
",0.00139811254806,382.0,0.23076923076923078,23.076923076923077
20044701,খোশ আমদেদ মাহে রমজান,0.00139811254806,382.0,0.23076923076923078,23.076923076923077
20170640,"

ট্যাক্স থেকে দায়মুক্তি অফশোর বিডিংয়ে
",0.00139811254806,382.0,0.23076923076923078,23.076923076923077
20051933,কুরিয়ার সার্ভিস নয় যেন মামলার হাট,0.00139811254806,382.0,0.23076923076923078,23.076923076923077
20051904,সাকিবের সেই মন্তব্যের জবাব দিলেন তামিম,0.00139811254806,382.0,0.23076923076923078,23.076923076923077
20170817,"

ডিএমপির অভিযানে গ্রেফতার ২৩
",0.00139811254806,382.0,0.23076923076923078,23.076923076923077
20173706,"
তৃতীয় নয়ন 
ঢাকার যানবাহন
",0.00139811254806,382.0,0.23076923076923078,23.076923076923077
20172988,"

নৌপথে প্রথম চালান আসছে গাজায়
",0.00139811254806,382.0,0.23076923076923078,23.076923076923077
20170339,"

কুয়েতে প্রবাসী যুবকের মৃত্যু 
",0.00139811254806,382.0,0.23076923076923078,23.076923076923077
20051831,যুক্তরাষ্ট্রের প্রশ্নবাণে যে জবাব বাংলাদেশের,0.00139811254806,382.0,0.23076923076923078,23.076923076923077
20170526,"

এবার ডেঙ্গুতে মৃত্যু ও শনাক্ত দ্বিগুণ
",0.00139811254806,382.0,0.23076923076923078,23.076923076923077
20170564,"

আতঙ্কে রেস্তোরাঁ ব্যবসায় ‘লালবাতি’
",0.00139811254806,382.0,0.23076923076923078,23.076923076923077
20044772,এক ডজন গানে নওশীন,0.00139811254806,382.0,0.23076923076923078,23.076923076923077
20051832,এডিপি থেকে বাদ যাচ্ছে ১৮ হাজার কোটি টাকা,0.00139811254806,382.0,0.23076923076923078,23.076923076923077
20168364,"

নববী আদর্শেই উম্মাহর মুক্তি
",0.00139811254806,382.0,0.23076923076923078,23.076923076923077
20044760,কালিহাতীতে অজ্ঞাত লাশ উদ্ধার,0.00139811254806,382.0,0.23076923076923078,23.076923076923077
20044758,সিলেটে সড়কের দৃশ্য বদলায় না,0.00139811254806,382.0,0.23076923076923078,23.076923076923077
20044757,চট্টগ্রামে জামায়াতের আলোচনা সভা,0.00139811254806,382.0,0.23076923076923078,23.076923076923077
20170608,"

খোশ আমদেদ মাহে রমজান
",0.00139811254806,382.0,0.23076923076923078,23.076923076923077
20044754,ছোট পর্দায় আজকের খেলা,0.00139811254806,382.0,0.23076923076923078,23.076923076923077
20044746,নিজেকে নির্দোষ দাবি রোনালদোর,0.00139811254806,382.0,0.23076923076923078,23.076923076923077
20051876,পাকিস্তানের নতুন পররাষ্ট্রমন্ত্রী কে এই ইসহাক দার,0.00139811254806,382.0,0.23076923076923078,23.076923076923077
20170464,"
 হেলথ টিপস 
টমেটোর উপকারিতা
",0.00139811254806,382.0,0.23076923076923078,23.076923076923077
20170451,"

মাঝ আকাশে পাইলটের ঘুম
",0.00139811254806,382.0,0.23076923076923078,23.076923076923077
20044740,তামিম ‘বল’ তুলে দিলেন পাপনের হাতে,0.00139811254806,382.0,0.23076923076923078,23.076923076923077
20044737,গোলাপগঞ্জে প্রবাসী পরিবারকে হয়রানি,0.00139811254806,382.0,0.23076923076923078,23.076923076923077
20172905,"

‘ওরা আমাদের মুসলিম পরিচয় কাইড়া নিতে চায়’
",0.00139811254806,382.0,0.23076923076923078,23.076923076923077
20170928,"

রোজায় কোন শিক্ষাপ্রতিষ্ঠান কতদিন খোলা থাকবে
",0.00139811254806,382.0,0.23076923076923078,23.076923076923077
20170907,"

সারাদেশে বাড়তে পারে দিন ও রাতের তাপমাত্রা
",0.00139811254806,382.0,0.23076923076923078,23.076923076923077
20170681,"
তৃতীয় নয়ন 
ঢাকার যানবাহন
",0.00139811254806,382.0,0.23076923076923078,23.076923076923077
20051323,বাল্যবিয়ে প্রতিরোধে উঠান বৈঠক,0.0013739708042761001,413.0,0.2254561900795582,22.54561900795582
20044741,সুদানের সঙ্গে ড্র’তে খুশি কাবরেরা,0.0013399499155107,414.0,0.21796897755972605,21.796897755972605
20051887,মালদ্বীপ থেকে সেনা প্রত্যাহার শুরু ভারতের,0.0013028918352504,415.0,0.20981334928090084,20.981334928090085
20170756,"

নতুন কোচ পেলেন লিটন-শান্তরা
",0.0013007963071502,416.0,0.2093521719043876,20.93521719043876
20051327,পাকিস্তানের মন্ত্রীসভায় স্থান পেলেন যারা,0.0013007963071502,416.0,0.2093521719043876,20.93521719043876
20044678,শাকিবের নায়িকা হচ্ছেন মিমি-নাবিলা,0.0012083228400705,418.0,0.18900089580323037,18.900089580323037
20044700,তীব্র যানজট ভোগান্তি,0.0011219157771400002,419.0,0.16998469526137025,16.998469526137026
20044683,অক্ষয়কে ব্যাঙ্গ করলেন স্ত্রী টুইঙ্কেল,0.0011124695556888999,420.0,0.16790579990970872,16.790579990970873
20223834,হাবিপ্রবিতে সাধারণ শিক্ষার্থীদের ব্যানারে গণইফতার,0.0010878157859751,421.0,0.1624800741288481,16.24800741288481
20182938,"

আল কুরআনের বাণী
",0.0010556246913045,422.0,0.15539555706326394,15.539555706326395
20044695,রোজায় খোলা থাকবে শিক্ষাপ্রতিষ্ঠান,0.0010485844110449999,423.0,0.15384615384615383,15.384615384615383
20051870,‘আপনারা কি আমাকে চেনেন? কী নাম আমার?’,0.0010485844110449999,423.0,0.15384615384615383,15.384615384615383
20051918,রুয়েটে চাকরির সুযোগ,0.0010485844110449999,423.0,0.15384615384615383,15.384615384615383
20170735,"

ভারতে 'ক্যা' নিয়ে কেন এত বিতর্ক
",0.0010485844110449999,423.0,0.15384615384615383,15.384615384615383
20051908,বিপিএলের পর এবার শুরু হয়েছে ডিপিএল,0.0010485844110449999,423.0,0.15384615384615383,15.384615384615383
20051893,পাকিস্তানের সঙ্গে কাজ করতে প্রস্তুত চীন,0.0010485844110449999,423.0,0.15384615384615383,15.384615384615383
20170813,"

রোজায় স্কুল খোলা থাকবে কি না, জানা যাবে আজ
",0.0010485844110449999,423.0,0.15384615384615383,15.384615384615383
20051935,"রমজানে স্কুল খোলা থাকবে কি না, জানা যাবে আজ",0.0010485844110449999,423.0,0.15384615384615383,15.384615384615383
20170831,"

হাইতির প্রধানমন্ত্রীর পদত্যাগ
",0.0010485844110449999,423.0,0.15384615384615383,15.384615384615383
20051877,হাইতির প্রধানমন্ত্রীর পদত্যাগ,0.0010485844110449999,423.0,0.15384615384615383,15.384615384615383
20051874,আবার মা হয়েছেন মৌসুমী,0.0010485844110449999,423.0,0.15384615384615383,15.384615384615383
20170996,"

রমজানে মুমিনের করণীয়
",0.0010485844110449999,423.0,0.15384615384615383,15.384615384615383
20051858,নতুন করে নির্বাচন চায় বিএনপি,0.0010485844110449999,423.0,0.15384615384615383,15.384615384615383
20051623,দেশে পুরুষ প্রতিবন্ধী বেশি,0.0010485844110449999,423.0,0.15384615384615383,15.384615384615383
20170445,"

 ওয়াইফাইয়ের নাম পরিবর্তনে
",0.0010485844110449999,423.0,0.15384615384615383,15.384615384615383
20044762,কারামুক্ত জামায়াতের আমীর,0.0010485844110449999,423.0,0.15384615384615383,15.384615384615383
20170303,"

ব্রত ওডিআই মিশনে
",0.0010485844110449999,423.0,0.15384615384615383,15.384615384615383
20168424,"

রমজান ঈদ এবং মূল্যবৃদ্ধি
",0.0010485844110449999,423.0,0.15384615384615383,15.384615384615383
20051855,রোজা রাখা কি স্বাস্থ্যের জন্য ভালো?,0.0010485844110449999,423.0,0.15384615384615383,15.384615384615383
20044680,সেরা অভিনেতা হলেন শাহরুখ,0.0010381021003803,442.0,0.15153923916833006,15.153923916833007
20044679,৯৬তম অস্কার পেলেন যারা-,0.001004639453461,443.0,0.1441748827963204,14.41748827963204
20170284,"

অতীত নিয়ে থাকতে চান না হৃদয়
",0.0009802454796176,444.0,0.13880633209124554,13.880633209124554
20223826,গণইফতার করে শাবিতে প্রতিবাদ,0.0008495646029516,445.0,0.11004648684959495,11.004648684959495
20044681,বঙ্গবন্ধুকে নিয়ে গাইলেন ইভা,0.0008003803207586001,446.0,0.0992221613608115,9.922216136081149
20182947,"

হাদিসের কথা
",0.0007062842430196,447.0,0.07851378609840365,7.851378609840365
20170886,"

রমজানে যা খাওয়া যাবে, যা যাবে না
",0.00069905627403,448.0,0.07692307692307693,7.6923076923076925
20051627,রোজাদারদের জন্য নেই কোনো সুখবর,0.00069905627403,448.0,0.07692307692307693,7.6923076923076925
20171177,"

ইফতারের ফজিলত
",0.0006630023321438,450.0,0.06898843632796717,6.898843632796717
20168298,"

 রমজানের পূর্বপ্রস্তুতি
",0.000655004924114,451.0,0.06722839137617795,6.722839137617795
20044682,বিয়ে করতে গিয়ে গ্রেপ্তার,0.0005439115986085,452.0,0.042779314124542375,4.277931412454238
20168362,"

প্রশ্নোত্তর
",0.000349528137015,453.0,0.0,0.0
20044773,আর প্রেম নয়,0.000349528137015,453.0,0.0,0.0
